tid,tournament_name,start_date,month,raw_team,team_name,team_key,player_1,player_2,deck_1,deck_2,deck_url_1,deck_url_2,deck_name_pt_1,deck_name_pt_2,deck_name_en_1,deck_name_en_2,colecao_1,colecao_2,map_status,missing_players,missing_decks,notes
liga-2x2-online-s1-e01,,,,Carbeauty & Andressa,Andressa & Carbeauty,andressa & carbeauty,Carbeauty,Andressa,Blight Curse,Counter Blitz,https://moxfield.com/decks/dDoe4mrTwEWH0sP2H7WH4A,https://moxfield.com/decks/sDazpxFOb0S9IAdQSA_7lg,Blight Curse,Counter Blitz,Blight Curse,Counter Blitz,Lorwyn Eclipsed,Final Fantasy,manual,0,0,importado de planilha
liga-2x2-online-s1-e01,,,,Marcos Sartori & Bauer,Bauer & Marcos Sartori,bauer & marcos sartori,Marcos Sartori,Bauer,Counter Blitz,Influência Corruptora,https://moxfield.com/decks/sDazpxFOb0S9IAdQSA_7lg,https://moxfield.com/decks/wRdT-auSDE6XcMJPM0aHDA,Counter Blitz,Influência Corruptora,Counter Blitz,Corrupting Influence,Final Fantasy,Phyrexia: All Will Be One,manual,0,0,importado de planilha
liga-2x2-online-s1-e01,,,,Reva & Boone,Boone & Reva,boone & reva,Reva,Boone,Dance of the Elements,Animated Army,https://moxfield.com/decks/Z9GXwZyiKkOfR3O5m1rEkw,https://moxfield.com/decks/IZBQnOST_kWlQtqytb75rg,Dance of the Elements,Animated Army,Dance of the Elements,Animated Army,Lorwyn Eclipsed,Bloomburrow,manual,0,0,importado de planilha
liga-2x2-online-s1-e01,,,,Chueiry & Vicente,Chueiry & Vicente,chueiry & vicente,Chueiry,Vicente,Temur Roar,Angels: They're Just Like Us but Cooler and With Wings,https://moxfield.com/decks/sao-2xrGqUCIfv46edPgmw,https://moxfield.com/decks/Q3Wn5qhG0UWFaGIYEpmRjQ,Temur Roar,Angels: They're Just Like Us but Cooler and With Wings,Temur Roar,Angels: They're Just Like Us but Cooler and With Wings,Tarkir Dragonstorm,Secret Lair Commander Deck,manual,0,0,importado de planilha
liga-2x2-online-s1-e01,,,,Glauber & Erick,Erick & Glauber,erick & glauber,Glauber,Erick,Levante Entrópico,Dance of the Elements,https://moxfield.com/decks/s4Ex7br4q0iFcwYzq80M7w,https://moxfield.com/decks/Z9GXwZyiKkOfR3O5m1rEkw,Levante Entrópico,Dance of the Elements,Entropic Uprising,Dance of the Elements,Commander 2016,Lorwyn Eclipsed,manual,0,0,importado de planilha
liga-2x2-online-s1-e01,,,,Fabio & Luiz,Fabio & Luiz,fabio & luiz,Fabio,Luiz,Counter Blitz,Exploradores das Profundezas,https://moxfield.com/decks/sDazpxFOb0S9IAdQSA_7lg,https://moxfield.com/decks/SvrXYfEIn0q5EprNPf0mqQ,Counter Blitz,Exploradores das Profundezas,Counter Blitz,Explorers of the Deep,Final Fantasy,The Lost Caverns of Ixalan,manual,0,0,importado de planilha
liga-2x2-online-s1-e01,,,,Felipe Familiar & Langa,Felipe Familiar & Langa,felipe familiar & langa,Felipe Familiar,Langa,Blight Curse,Içar Velas,https://moxfield.com/decks/dDoe4mrTwEWH0sP2H7WH4A,https://moxfield.com/decks/2wB6WsbRwU-ZdNlWHu6VKg,Blight Curse,Içar Velas,Blight Curse,Ahoy Mateys,Lorwyn Eclipsed,The Lost Caverns of Ixalan,manual,0,0,importado de planilha
liga-2x2-online-s1-e01,,,,Martin & Jorel,Jorel & Martin,jorel & martin,Martin,Jorel,Jeskai Striker,Endless Punishment,https://moxfield.com/decks/GqSQ24NIJkq-144dkab-HQ,https://moxfield.com/decks/eg5J71BzAU-yctY6lRn12Q,Jeskai Striker,Endless Punishment,Jeskai Striker,Endless Punishment,Tarkir Dragonstorm,Duskmourn: House of Horror,manual,0,0,importado de planilha
liga-2x2-online-s1-e01,,,,Juliano & Mateus,Juliano & Mateus,juliano & mateus,Juliano,Mateus,Içar Velas,Virtude e Valor,https://moxfield.com/decks/2wB6WsbRwU-ZdNlWHu6VKg,https://moxfield.com/decks/Oo_99oH5K0ifS25Wzu5qLw,Içar Velas,Virtude e Valor,Ahoy Mateys,Virtue and Valor,The Lost Caverns of Ixalan,Wilds of Eldraine,manual,0,0,importado de planilha
liga-2x2-online-s1-e01,,,,Samuel & Thiago,Samuel & Thiago,samuel & thiago,Samuel,Thiago,Most Wanted,Masmorras da Morte,https://moxfield.com/decks/ln4DVjJZIUau9OnrwJgTWw,https://moxfield.com/decks/CmXsAJpFak2_daWDYx4OPQ,Most Wanted,Masmorras da Morte,Most Wanted,Dungeons of Death,Outlaws of Thunder Junction,Dungeons and Dragons: Adventures in the Forgotten Realms,manual,0,0,importado de planilha
liga-2x2-online-s1-e02,,,,Marcos Sartori & Arthur Sartori,Arthur Sartori & Marcos Sartori,arthur sartori & marcos sartori,Marcos Sartori,Arthur Sartori,Temur Roar,Veloci-E-Rápido,https://moxfield.com/decks/sao-2xrGqUCIfv46edPgmw,https://moxfield.com/decks/KcPWaLquLkmIOy3XsFHTqQ,Temur Roar,Veloci-E-Rápido,Temur Roar,Veloci-Ramp-Tor,Tarkir Dragonstorm,The Lost Caverns of Ixalan,manual,0,0,importado de planilha
liga-2x2-online-s1-e02,,,,Bauer & Langa,Bauer & Langa,bauer & langa,Bauer,Langa,Endless Punishment,Içar Velas,https://moxfield.com/decks/eg5J71BzAU-yctY6lRn12Q,https://moxfield.com/decks/2wB6WsbRwU-ZdNlWHu6VKg,Endless Punishment,Içar Velas,Endless Punishment,Ahoy Mateys,Duskmourn: House of Horror,The Lost Caverns of Ixalan,manual,0,0,importado de planilha
liga-2x2-online-s1-e02,,,,Reva & Boone,Boone & Reva,boone & reva,Reva,Boone,Creative Energy,Timey-Wimey,https://moxfield.com/decks/V896XG46-kuKTCBXImt5Cg,https://moxfield.com/decks/weR7hsL3Vk-I2qTNGqfK2w,Creative Energy,Timey-Wimey,Creative Energy,Timey-Wimey,Modern Horizons 3,Doctor Who,manual,0,0,importado de planilha
liga-2x2-online-s1-e02,,,,Carlos & Errejota,Carlos & Errejota,carlos & errejota,Carlos,Errejota,Temur Roar,Dance of the Elements,https://moxfield.com/decks/sao-2xrGqUCIfv46edPgmw,https://moxfield.com/decks/Z9GXwZyiKkOfR3O5m1rEkw,Temur Roar,Dance of the Elements,Temur Roar,Dance of the Elements,Tarkir Dragonstorm,Lorwyn Eclipsed,manual,0,0,importado de planilha
liga-2x2-online-s1-e02,,,,Chueiry & Vicente,Chueiry & Vicente,chueiry & vicente,Chueiry,Vicente,Dance of the Elements,Enxame Fractius,https://moxfield.com/decks/Z9GXwZyiKkOfR3O5m1rEkw,https://moxfield.com/decks/dnY2YPlJtkalYCkLZ9Q0YQ,Dance of the Elements,Enxame Fractius,Dance of the Elements,Sliver Swarm,Lorwyn Eclipsed,Commander Masters,manual,0,0,importado de planilha
liga-2x2-online-s1-e02,,,,Erick & Fábio,Erick & Fabio,erick & fabio,Erick,Fabio,Counter Blitz,Exploradores das Profundezas,https://moxfield.com/decks/sDazpxFOb0S9IAdQSA_7lg,https://moxfield.com/decks/SvrXYfEIn0q5EprNPf0mqQ,Counter Blitz,Exploradores das Profundezas,Counter Blitz,Explorers of the Deep,Final Fantasy,The Lost Caverns of Ixalan,manual,0,0,importado de planilha
liga-2x2-online-s1-e02,,,,Gustavo Dias & Udo,Gustavo Dias & Udo,gustavo dias & udo,Gustavo Dias,Udo,Ferocidade Felina,Pedido de Apoio,https://moxfield.com/decks/T9XdORiOPky0VSmV63hoKA,https://moxfield.com/decks/tqa1AHW1_0WhE-TvWKD1Ng,Ferocidade Felina,Pedido de Apoio,Feline Ferocity,Call for Backup,Commander 2017,March of the Machine,manual,0,0,importado de planilha
liga-2x2-online-s1-e02,,,,Jorel & Martin,Jorel & Martin,jorel & martin,Jorel,Martin,Domínio das Fadinas,Jeskai Striker,https://moxfield.com/decks/ErDyBjAnKE6l5TqX6wMxdg,https://moxfield.com/decks/GqSQ24NIJkq-144dkab-HQ,Domínio das Fadinas,Jeskai Striker,Fae Dominion,Jeskai Striker,Wilds of Eldraine,Tarkir Dragonstorm,manual,0,0,importado de planilha
liga-2x2-online-s1-e02,,,,Vande & Joao Marmentini,João Marmentini & Vande,joao marmentini & vande,Vande,João Marmentini,Counter Blitz,Virtude e Valor,https://moxfield.com/decks/sDazpxFOb0S9IAdQSA_7lg,https://moxfield.com/decks/Oo_99oH5K0ifS25Wzu5qLw,Counter Blitz,Virtude e Valor,Counter Blitz,Virtue and Valor,Final Fantasy,Wilds of Eldraine,manual,0,0,importado de planilha
liga-2x2-online-s1-e02,,,,Juliano & Mateus,Juliano & Mateus,juliano & mateus,Juliano,Mateus,Içar Velas,Virtude e Valor,https://moxfield.com/decks/2wB6WsbRwU-ZdNlWHu6VKg,https://moxfield.com/decks/Oo_99oH5K0ifS25Wzu5qLw,Içar Velas,Virtude e Valor,Ahoy Mateys,Virtue and Valor,The Lost Caverns of Ixalan,Wilds of Eldraine,manual,0,0,importado de planilha
liga-2x2-online-s1-e02,,,,Marcelo & Samuel,Marcelo & Samuel,marcelo & samuel,Marcelo,Samuel,Dance of the Elements,Endless Punishment,https://moxfield.com/decks/Z9GXwZyiKkOfR3O5m1rEkw,https://moxfield.com/decks/eg5J71BzAU-yctY6lRn12Q,Dance of the Elements,Endless Punishment,Dance of the Elements,Endless Punishment,Lorwyn Eclipsed,Duskmourn: House of Horror,manual,0,0,importado de planilha
liga-2x2-online-s1-e02,,,,Samuel Maia & Thiago,Samuel & Thiago,samuel & thiago,Samuel,Thiago,Squirreled Away,Blight Curse,https://moxfield.com/decks/4xEJiagwvEGelJy9ojLtZA,https://moxfield.com/decks/dDoe4mrTwEWH0sP2H7WH4A,Squirreled Away,Blight Curse,Squirreled Away,Blight Curse,Bloomburrow,Lorwyn Eclipsed,manual,0,0,importado de planilha
liga-2x2-online-s1-e03,,,,Marcos Sartori & Arthur Sartori,Arthur Sartori & Marcos Sartori,arthur sartori & marcos sartori,Marcos Sartori,Arthur Sartori,Temur Roar,Veloci-E-Rápido,https://moxfield.com/decks/sao-2xrGqUCIfv46edPgmw,https://moxfield.com/decks/KcPWaLquLkmIOy3XsFHTqQ,Temur Roar,Veloci-E-Rápido,Temur Roar,Veloci-Ramp-Tor,Tarkir Dragonstorm,The Lost Caverns of Ixalan,manual,0,0,importado de planilha
liga-2x2-online-s1-e03,,,,Langa & Bauer,Bauer & Langa,bauer & langa,Langa,Bauer,Içar Velas,Temur Roar,https://moxfield.com/decks/2wB6WsbRwU-ZdNlWHu6VKg,https://moxfield.com/decks/sao-2xrGqUCIfv46edPgmw,Içar Velas,Temur Roar,Ahoy Mateys,Temur Roar,The Lost Caverns of Ixalan,Tarkir Dragonstorm,manual,0,0,importado de planilha
liga-2x2-online-s1-e03,,,,Fernando Boone & Reva,Boone & Reva,boone & reva,Boone,Reva,Creative Energy,Timey-Wimey,https://moxfield.com/decks/V896XG46-kuKTCBXImt5Cg,https://moxfield.com/decks/weR7hsL3Vk-I2qTNGqfK2w,Creative Energy,Timey-Wimey,Creative Energy,Timey-Wimey,Modern Horizons 3,Doctor Who,manual,0,0,importado de planilha
liga-2x2-online-s1-e03,,,,Vicente & Thiago Borini,Borini & Vicente,borini & vicente,Vicente,Borini,Enxame Fractius,Counter Blitz,https://moxfield.com/decks/dnY2YPlJtkalYCkLZ9Q0YQ,https://moxfield.com/decks/sDazpxFOb0S9IAdQSA_7lg,Enxame Fractius,Counter Blitz,Sliver Swarm,Counter Blitz,Commander Masters,Final Fantasy,manual,0,0,importado de planilha
liga-2x2-online-s1-e03,,,,Carlos & Errejota,Carlos & Errejota,carlos & errejota,Carlos,Errejota,Animated Army,Temur Roar,https://moxfield.com/decks/IZBQnOST_kWlQtqytb75rg,https://moxfield.com/decks/sao-2xrGqUCIfv46edPgmw,Animated Army,Temur Roar,Animated Army,Temur Roar,Bloomburrow,Tarkir Dragonstorm,manual,0,0,importado de planilha
liga-2x2-online-s1-e03,,,,Jorel & Martin,Jorel & Martin,jorel & martin,Jorel,Martin,Blight Curse,Counter Blitz,https://moxfield.com/decks/dDoe4mrTwEWH0sP2H7WH4A,https://moxfield.com/decks/sDazpxFOb0S9IAdQSA_7lg,Blight Curse,Counter Blitz,Blight Curse,Counter Blitz,Lorwyn Eclipsed,Final Fantasy,manual,0,0,importado de planilha
liga-2x2-online-s1-e03,,,,Vande & João Marmentini,João Marmentini & Vande,joao marmentini & vande,Vande,João Marmentini,Scions & Spellcraft,Endless Punishment,https://moxfield.com/decks/r_IFt9Gc3UqaULfoAEjVvg,https://moxfield.com/decks/eg5J71BzAU-yctY6lRn12Q,Scions & Spellcraft,Endless Punishment,Scions & Spellcraft,Endless Punishment,Final Fantasy,Duskmourn: House of Horror,manual,0,0,importado de planilha
liga-2x2-online-s1-e03,,,,Mateus & Juliano,Juliano & Mateus,juliano & mateus,Mateus,Juliano,Içar Velas,Graveyard Overdrive,https://moxfield.com/decks/2wB6WsbRwU-ZdNlWHu6VKg,https://moxfield.com/decks/kQGUOyS7CkKBgvxiu3FHfQ,Içar Velas,Graveyard Overdrive,Ahoy Mateys,Graveyard Overdrive,The Lost Caverns of Ixalan,Modern Horizons 3,manual,0,0,importado de planilha
liga-2x2-online-s1-e04,,,,Andressa & Carlindo,Andressa & Carlindo,andressa & carlindo,Andressa,Carlindo,Dance of the Elements,Festa dos Planeswalker,https://moxfield.com/decks/Z9GXwZyiKkOfR3O5m1rEkw,https://moxfield.com/decks/BYtodI0bP02r4z6UCkNkOg,Dance of the Elements,Festa dos Planeswalker,Dance of the Elements,Planeswalker Party,Lorwyn Eclipsed,Commander Masters,manual,0,0,importado de planilha
liga-2x2-online-s1-e04,,,,Marcos Sartori & Arthur Sartori,Arthur Sartori & Marcos Sartori,arthur sartori & marcos sartori,Marcos Sartori,Arthur Sartori,Festa dos Planeswalker,Scions & Spellcraft,https://moxfield.com/decks/BYtodI0bP02r4z6UCkNkOg,https://moxfield.com/decks/r_IFt9Gc3UqaULfoAEjVvg,Festa dos Planeswalker,Scions & Spellcraft,Planeswalker Party,Scions & Spellcraft,Commander Masters,Final Fantasy,manual,0,0,importado de planilha
liga-2x2-online-s1-e04,,,,Bauer & Langa,Bauer & Langa,bauer & langa,Bauer,Langa,Temur Roar,Içar Velas,https://moxfield.com/decks/sao-2xrGqUCIfv46edPgmw,https://moxfield.com/decks/2wB6WsbRwU-ZdNlWHu6VKg,Temur Roar,Içar Velas,Temur Roar,Ahoy Mateys,Tarkir Dragonstorm,The Lost Caverns of Ixalan,manual,0,0,importado de planilha
liga-2x2-online-s1-e04,,,,Boone & Reva,Boone & Reva,boone & reva,Boone,Reva,Scions & Spellcraft,Eternal Might,https://moxfield.com/decks/r_IFt9Gc3UqaULfoAEjVvg,https://moxfield.com/decks/ULyYbD7SNUS3Z4EM-QnE-A,Scions & Spellcraft,Eternal Might,Scions & Spellcraft,Eternal Might,Final Fantasy,Aetherdrift,manual,0,0,importado de planilha
liga-2x2-online-s1-e04,,,,Rafael & Carlos,Carlos & Errejota,carlos & errejota,Errejota,Carlos,Animated Army,Temur Roar,https://moxfield.com/decks/IZBQnOST_kWlQtqytb75rg,https://moxfield.com/decks/sao-2xrGqUCIfv46edPgmw,Animated Army,Temur Roar,Animated Army,Temur Roar,Bloomburrow,Tarkir Dragonstorm,manual,0,0,importado de planilha
liga-2x2-online-s1-e04,,,,Chueiry & Vicente,Chueiry & Vicente,chueiry & vicente,Chueiry,Vicente,,,,,,,,,,,manual,0,1,importado de planilha
liga-2x2-online-s1-e04,,,,Glauber & João Marmentini,Glauber & João Marmentini,glauber & joao marmentini,Glauber,João Marmentini,Ameaça sem Rosto,Virtude e Valor,https://moxfield.com/decks/LCH-fa6KIUmzfF-ul72Ucw,https://moxfield.com/decks/Oo_99oH5K0ifS25Wzu5qLw,Ameaça sem Rosto,Virtude e Valor,Faceless Menace,Virtue and Valor,Commander 2019,Wilds of Eldraine,manual,0,0,importado de planilha
liga-2x2-online-s1-e04,,,,Jorel & Martin,Jorel & Martin,jorel & martin,Jorel,Martin,,,,,,,,,,,manual,0,1,importado de planilha
liga-2x2-online-s1-e04,,,,Mateus & Juliano,Juliano & Mateus,juliano & mateus,Mateus,Juliano,Turtle Power!,Içar Velas,https://moxfield.com/decks/igKb7qATmkmYaX3M7hB4Sg,https://moxfield.com/decks/2wB6WsbRwU-ZdNlWHu6VKg,Turtle Power!,Içar Velas,Turtle Power!,Ahoy Mateys,Teenage Mutant Ninja Turtles,The Lost Caverns of Ixalan,manual,0,0,importado de planilha
liga-2x2-online-s1-e04,,,,Zangalli & Zangalli pai,Zangalli & Zangalli pai,zangalli & zangalli pai,Zangalli,Zangalli pai,,,,,,,,,,,manual,0,1,importado de planilha
liga-2x2-online-s1-e05,,,,Vicente & Andressa,Andressa & Vicente,andressa & vicente,Vicente,Andressa,Turtle Power!,Counter Blitz,https://moxfield.com/decks/igKb7qATmkmYaX3M7hB4Sg,https://moxfield.com/decks/sDazpxFOb0S9IAdQSA_7lg,Turtle Power!,Counter Blitz,Turtle Power!,Counter Blitz,Teenage Mutant Ninja Turtles,Final Fantasy,manual,0,0,importado de planilha
liga-2x2-online-s1-e05,,,,Bauer & Langa,Bauer & Langa,bauer & langa,Bauer,Langa,Temur Roar,Içar Velas,https://moxfield.com/decks/sao-2xrGqUCIfv46edPgmw,https://moxfield.com/decks/2wB6WsbRwU-ZdNlWHu6VKg,Temur Roar,Içar Velas,Temur Roar,Ahoy Mateys,Tarkir Dragonstorm,The Lost Caverns of Ixalan,manual,0,0,importado de planilha
liga-2x2-online-s1-e05,,,,Reva & Boone,Boone & Reva,boone & reva,Reva,Boone,"Ave, Caesar",Festa dos Planeswalker,https://moxfield.com/decks/a6xg5ghnH0C-IB5PPqTZBQ,https://moxfield.com/decks/BYtodI0bP02r4z6UCkNkOg,"Ave, Caesar",Festa dos Planeswalker,"Hail, Caesar",Planeswalker Party,Fallout,Commander Masters,manual,0,0,importado de planilha
liga-2x2-online-s1-e05,,,,Cássio & Carlos,Carlos & Cássio,carlos & cassio,Cássio,Carlos,Animated Army,Festa dos Planeswalker,https://moxfield.com/decks/IZBQnOST_kWlQtqytb75rg,https://moxfield.com/decks/BYtodI0bP02r4z6UCkNkOg,Animated Army,Festa dos Planeswalker,Animated Army,Planeswalker Party,Bloomburrow,Commander Masters,manual,0,0,importado de planilha
liga-2x2-online-s1-e05,,,,Dellani & Martin,Dellani & Martin,dellani & martin,Dellani,Martin,Turtle Power!,Counter Blitz,https://moxfield.com/decks/igKb7qATmkmYaX3M7hB4Sg,https://moxfield.com/decks/sDazpxFOb0S9IAdQSA_7lg,Turtle Power!,Counter Blitz,Turtle Power!,Counter Blitz,Teenage Mutant Ninja Turtles,Final Fantasy,manual,0,0,importado de planilha
liga-2x2-online-s1-e05,,,,Vande & João Marmentini,João Marmentini & Vande,joao marmentini & vande,Vande,João Marmentini,Squirreled Away,Endless Punishment,https://moxfield.com/decks/4xEJiagwvEGelJy9ojLtZA,https://moxfield.com/decks/eg5J71BzAU-yctY6lRn12Q,Squirreled Away,Endless Punishment,Squirreled Away,Endless Punishment,Bloomburrow,Duskmourn: House of Horror,manual,0,0,importado de planilha
liga-2x2-online-s1-e05,,,,Mateus & Juliano,Juliano & Mateus,juliano & mateus,Mateus,Juliano,Turtle Power!,Içar Velas,https://moxfield.com/decks/igKb7qATmkmYaX3M7hB4Sg,https://moxfield.com/decks/2wB6WsbRwU-ZdNlWHu6VKg,Turtle Power!,Içar Velas,Turtle Power!,Ahoy Mateys,Teenage Mutant Ninja Turtles,The Lost Caverns of Ixalan,manual,0,0,importado de planilha
liga-2x2-online-s1-e05,,,,Zangas & Vina,Vina & Zangas,vina & zangas,Zangas,Vina,Turtle Power!,Counter Blitz,https://moxfield.com/decks/igKb7qATmkmYaX3M7hB4Sg,https://moxfield.com/decks/sDazpxFOb0S9IAdQSA_7lg,Turtle Power!,Counter Blitz,Turtle Power!,Counter Blitz,Teenage Mutant Ninja Turtles,Final Fantasy,manual,0,0,importado de planilha
liga-2x2-online-s2-e1,,,,Marcos Sartori & Arthur Sartori,Arthur Sartori & Marcos Sartori,arthur sartori & marcos sartori,Marcos Sartori,Arthur Sartori,Festa dos Planeswalker,Scions & Spellcraft,https://moxfield.com/decks/BYtodI0bP02r4z6UCkNkOg,https://moxfield.com/decks/r_IFt9Gc3UqaULfoAEjVvg,Festa dos Planeswalker,Scions & Spellcraft,Planeswalker Party,Scions & Spellcraft,Commander Masters,Final Fantasy,manual,0,0,importado de planilha
liga-2x2-online-s2-e1,,,,Boone & Reva,Boone & Reva,boone & reva,Boone,Reva,Içar Velas,"Ave, Caesar",https://moxfield.com/decks/2wB6WsbRwU-ZdNlWHu6VKg,https://moxfield.com/decks/a6xg5ghnH0C-IB5PPqTZBQ,Içar Velas,"Ave, Caesar",Ahoy Mateys,"Hail, Caesar",The Lost Caverns of Ixalan,Fallout,manual,0,0,importado de planilha
liga-2x2-online-s2-e1,,,,Chueiry & Vicente,Chueiry & Vicente,chueiry & vicente,Chueiry,Vicente,Festa dos Planeswalker,Turtle Power!,https://moxfield.com/decks/BYtodI0bP02r4z6UCkNkOg,https://moxfield.com/decks/igKb7qATmkmYaX3M7hB4Sg,Festa dos Planeswalker,Turtle Power!,Planeswalker Party,Turtle Power!,Commander Masters,Teenage Mutant Ninja Turtles,manual,0,0,importado de planilha
liga-2x2-online-s2-e1,,,,Erick & Rogério Nascimento,Erick & Rogério Nascimento,erick & rogerio nascimento,Erick,Rogério Nascimento,Limit Break,World Shaper,https://moxfield.com/decks/pTUR6p0yNkOoxDNqo8TMEw,https://moxfield.com/decks/n04yWsMGvUCmMQ8ImxJ_0A,Limit Break,World Shaper,Limit Break,World Shaper,Final Fantasy,Edge of Eternities,manual,0,0,importado de planilha
liga-2x2-online-s2-e1,,,,Martin & Jorel,Jorel & Martin,jorel & martin,Martin,Jorel,Counter Blitz,Turtle Power!,https://moxfield.com/decks/sDazpxFOb0S9IAdQSA_7lg,https://moxfield.com/decks/igKb7qATmkmYaX3M7hB4Sg,Counter Blitz,Turtle Power!,Counter Blitz,Turtle Power!,Final Fantasy,Teenage Mutant Ninja Turtles,manual,0,0,importado de planilha
liga-2x2-online-s2-e1,,,,Vande & Joao Marmentini,João Marmentini & Vande,joao marmentini & vande,Vande,João Marmentini,Içar Velas,Virtude e Valor,https://moxfield.com/decks/2wB6WsbRwU-ZdNlWHu6VKg,https://moxfield.com/decks/Oo_99oH5K0ifS25Wzu5qLw,Içar Velas,Virtude e Valor,Ahoy Mateys,Virtue and Valor,The Lost Caverns of Ixalan,Wilds of Eldraine,manual,0,0,importado de planilha
liga-2x2-online-s2-e1,,,,Mateus & Juliano,Juliano & Mateus,juliano & mateus,Mateus,Juliano,Jeskai Striker,Virtude e Valor,https://moxfield.com/decks/GqSQ24NIJkq-144dkab-HQ,https://moxfield.com/decks/Oo_99oH5K0ifS25Wzu5qLw,Jeskai Striker,Virtude e Valor,Jeskai Striker,Virtue and Valor,Tarkir Dragonstorm,Wilds of Eldraine,manual,0,0,importado de planilha
liga-2x2-online-s2-e2,,,,Marcos Sartori & Arthur Sartori,Arthur Sartori & Marcos Sartori,arthur sartori & marcos sartori,Marcos Sartori,Arthur Sartori,Festa dos Planeswalker,Scions & Spellcraft,https://moxfield.com/decks/BYtodI0bP02r4z6UCkNkOg,https://moxfield.com/decks/r_IFt9Gc3UqaULfoAEjVvg,Festa dos Planeswalker,Scions & Spellcraft,Planeswalker Party,Scions & Spellcraft,Commander Masters,Final Fantasy,manual,0,0,importado de planilha
liga-2x2-online-s2-e2,,,,Bauer & Langa,Bauer & Langa,bauer & langa,Bauer,Langa,Scions & Spellcraft,Içar Velas,https://moxfield.com/decks/r_IFt9Gc3UqaULfoAEjVvg,https://moxfield.com/decks/2wB6WsbRwU-ZdNlWHu6VKg,Scions & Spellcraft,Içar Velas,Scions & Spellcraft,Ahoy Mateys,Final Fantasy,The Lost Caverns of Ixalan,manual,0,0,importado de planilha
liga-2x2-online-s2-e2,,,,Bells & Greowtty,Bells & Greowtty,bells & greowtty,Bells,Greowtty,Virtude e Valor,Masters of Evil,https://moxfield.com/decks/Oo_99oH5K0ifS25Wzu5qLw,https://moxfield.com/decks/9i25pXMDhES76C-1-gBZKA,Virtude e Valor,Masters of Evil,Virtue and Valor,Masters of Evil,Wilds of Eldraine,Doctor Who,manual,0,0,importado de planilha
liga-2x2-online-s2-e2,,,,Vicente & Thiago Borini,Borini & Vicente,borini & vicente,Vicente,Borini,Jeskai Striker,Abzan Armor,https://moxfield.com/decks/GqSQ24NIJkq-144dkab-HQ,https://moxfield.com/decks/hdTiRiY5IEyCJFL2BR8cyg,Jeskai Striker,Abzan Armor,Jeskai Striker,Abzan Armor,Tarkir Dragonstorm,Tarkir Dragonstorm,manual,0,0,importado de planilha
liga-2x2-online-s2-e2,,,,Cássio & Carlos,Carlos & Cássio,carlos & cassio,Cássio,Carlos,Animated Army,Saída do Exílio,https://moxfield.com/decks/IZBQnOST_kWlQtqytb75rg,https://moxfield.com/decks/KxwR1gan906BkACQCgMZHg,Animated Army,Saída do Exílio,Animated Army,Exit from Exile,Bloomburrow,Commander Legends: Battle for Baldur's Gate,manual,0,0,importado de planilha
liga-2x2-online-s2-e2,,,,Elder Mancini & Glaicon,Elder Mancini & Glaicon,elder mancini & glaicon,Elder Mancini,Glaicon,Counter Blitz,Enxame Tiranídeo,https://moxfield.com/decks/sDazpxFOb0S9IAdQSA_7lg,https://moxfield.com/decks/QJe_FP2DjUOOXtPk4I446Q,Counter Blitz,Enxame Tiranídeo,Counter Blitz,Tyranid Swarm,Final Fantasy,Warhammer 40.000,manual,0,0,importado de planilha
liga-2x2-online-s2-e2,,,,Reva & Gustavo Dias,Gustavo Dias & Reva,gustavo dias & reva,Reva,Gustavo Dias,"Ave, Caesar",Temur Roar,https://moxfield.com/decks/a6xg5ghnH0C-IB5PPqTZBQ,https://moxfield.com/decks/sao-2xrGqUCIfv46edPgmw,"Ave, Caesar",Temur Roar,"Hail, Caesar",Temur Roar,Fallout,Tarkir Dragonstorm,manual,0,0,importado de planilha
liga-2x2-online-s2-e2,,,,Martin & Jorel,Jorel & Martin,jorel & martin,Martin,Jorel,Jeskai Striker,Domínio das Fadinas,https://moxfield.com/decks/GqSQ24NIJkq-144dkab-HQ,https://moxfield.com/decks/ErDyBjAnKE6l5TqX6wMxdg,Jeskai Striker,Domínio das Fadinas,Jeskai Striker,Fae Dominion,Tarkir Dragonstorm,Wilds of Eldraine,manual,0,0,importado de planilha
liga-2x2-online-s2-e2,,,,Vande & João Marmentini,João Marmentini & Vande,joao marmentini & vande,Vande,João Marmentini,Endless Punishment,Squirreled Away,https://moxfield.com/decks/eg5J71BzAU-yctY6lRn12Q,https://moxfield.com/decks/4xEJiagwvEGelJy9ojLtZA,Endless Punishment,Squirreled Away,Endless Punishment,Squirreled Away,Duskmourn: House of Horror,Bloomburrow,manual,0,0,importado de planilha
liga-2x2-online-s2-e2,,,,Mateus & Juliano,Juliano & Mateus,juliano & mateus,Mateus,Juliano,Jeskai Striker,Içar Velas,https://moxfield.com/decks/GqSQ24NIJkq-144dkab-HQ,https://moxfield.com/decks/2wB6WsbRwU-ZdNlWHu6VKg,Jeskai Striker,Içar Velas,Jeskai Striker,Ahoy Mateys,Tarkir Dragonstorm,The Lost Caverns of Ixalan,manual,0,0,importado de planilha
liga-2x2-online-s2-e2,,,,Rogério Nascimento & Rafael Mendes,Rafael Mendes & Rogério Nascimento,rafael mendes & rogerio nascimento,Rogério Nascimento,Rafael Mendes,World Shaper,Turtle Power!,https://moxfield.com/decks/n04yWsMGvUCmMQ8ImxJ_0A,https://moxfield.com/decks/igKb7qATmkmYaX3M7hB4Sg,World Shaper,Turtle Power!,World Shaper,Turtle Power!,Edge of Eternities,Teenage Mutant Ninja Turtles,manual,0,0,importado de planilha
liga-2x2-online-s2-e3,,,,Marcos Sartori & Arthur Sartori,Arthur Sartori & Marcos Sartori,arthur sartori & marcos sartori,Marcos Sartori,Arthur Sartori,Festa dos Planeswalker,Scions & Spellcraft,https://moxfield.com/decks/BYtodI0bP02r4z6UCkNkOg,https://moxfield.com/decks/r_IFt9Gc3UqaULfoAEjVvg,Festa dos Planeswalker,Scions & Spellcraft,Planeswalker Party,Scions & Spellcraft,Commander Masters,Final Fantasy,manual,0,0,importado de planilha
liga-2x2-online-s2-e3,,,,Gustavo Dias & Bauer,Bauer & Gustavo Dias,bauer & gustavo dias,Gustavo Dias,Bauer,Squirreled Away,Scions & Spellcraft,https://moxfield.com/decks/4xEJiagwvEGelJy9ojLtZA,https://moxfield.com/decks/r_IFt9Gc3UqaULfoAEjVvg,Squirreled Away,Scions & Spellcraft,Squirreled Away,Scions & Spellcraft,Bloomburrow,Final Fantasy,manual,0,0,importado de planilha
liga-2x2-online-s2-e3,,,,Bells & Greowtty,Bells & Greowtty,bells & greowtty,Bells,Greowtty,Temur Roar,Ciência!,https://moxfield.com/decks/sao-2xrGqUCIfv46edPgmw,https://moxfield.com/decks/MGW4G6BLH0aqomnBukdqVg,Temur Roar,Ciência!,Temur Roar,Science!,Tarkir Dragonstorm,Fallout,manual,0,0,importado de planilha
liga-2x2-online-s2-e3,,,,Boone & Reva,Boone & Reva,boone & reva,Boone,Reva,Festa dos Planeswalker,"Ave, Caesar",https://moxfield.com/decks/BYtodI0bP02r4z6UCkNkOg,https://moxfield.com/decks/a6xg5ghnH0C-IB5PPqTZBQ,Festa dos Planeswalker,"Ave, Caesar",Planeswalker Party,"Hail, Caesar",Commander Masters,Fallout,manual,0,0,importado de planilha
liga-2x2-online-s2-e3,,,,Borini & Vicente,Borini & Vicente,borini & vicente,Borini,Vicente,Abzan Armor,Prismari Artistry,https://moxfield.com/decks/hdTiRiY5IEyCJFL2BR8cyg,https://moxfield.com/decks/Fh99bHrQZ0KLu34C2JXu5w,Abzan Armor,Prismari Artistry,Abzan Armor,Prismari Artistry,Tarkir Dragonstorm,Secrets of Strixhaven,manual,0,0,importado de planilha
liga-2x2-online-s2-e3,,,,Cássio & Carlos,Carlos & Cássio,carlos & cassio,Cássio,Carlos,Animated Army,Saída do Exílio,https://moxfield.com/decks/IZBQnOST_kWlQtqytb75rg,https://moxfield.com/decks/KxwR1gan906BkACQCgMZHg,Animated Army,Saída do Exílio,Animated Army,Exit from Exile,Bloomburrow,Commander Legends: Battle for Baldur's Gate,manual,0,0,importado de planilha
liga-2x2-online-s2-e3,,,,Vande & João Marmentini,João Marmentini & Vande,joao marmentini & vande,Vande,João Marmentini,Scions & Spellcraft,Endless Punishment,https://moxfield.com/decks/r_IFt9Gc3UqaULfoAEjVvg,https://moxfield.com/decks/eg5J71BzAU-yctY6lRn12Q,Scions & Spellcraft,Endless Punishment,Scions & Spellcraft,Endless Punishment,Final Fantasy,Duskmourn: House of Horror,manual,0,0,importado de planilha
liga-2x2-online-s2-e3,,,,Mateus & Juliano,Juliano & Mateus,juliano & mateus,Mateus,Juliano,Içar Velas,Jeskai Striker,https://moxfield.com/decks/2wB6WsbRwU-ZdNlWHu6VKg,https://moxfield.com/decks/GqSQ24NIJkq-144dkab-HQ,Içar Velas,Jeskai Striker,Ahoy Mateys,Jeskai Striker,The Lost Caverns of Ixalan,Tarkir Dragonstorm,manual,0,0,importado de planilha
liga-2x2-online-s2-e4,,,,Marcos Sartori & Arthur Sartori,Arthur Sartori & Marcos Sartori,arthur sartori & marcos sartori,Marcos Sartori,Arthur Sartori,Festa dos Planeswalker,Scions & Spellcraft,https://moxfield.com/decks/BYtodI0bP02r4z6UCkNkOg,https://moxfield.com/decks/r_IFt9Gc3UqaULfoAEjVvg,Festa dos Planeswalker,Scions & Spellcraft,Planeswalker Party,Scions & Spellcraft,Commander Masters,Final Fantasy,manual,0,0,importado de planilha
liga-2x2-online-s2-e4,,,,Bauer & Langa,Bauer & Langa,bauer & langa,Bauer,Langa,Festa dos Planeswalker,Içar Velas,https://moxfield.com/decks/BYtodI0bP02r4z6UCkNkOg,https://moxfield.com/decks/2wB6WsbRwU-ZdNlWHu6VKg,Festa dos Planeswalker,Içar Velas,Planeswalker Party,Ahoy Mateys,Commander Masters,The Lost Caverns of Ixalan,manual,0,0,importado de planilha
liga-2x2-online-s2-e4,,,,Bells & Greowty,Bells & Greowtty,bells & greowtty,Bells,Greowtty,Quandrix Unlimited,Maelstrom Arcano,https://moxfield.com/decks/ht3IDMDxnU2VOMi7MAhtFg,https://moxfield.com/decks/9dBPnvVgpE6CUYp-3EHlAw,Quandrix Unlimited,Maelstrom Arcano,Quandrix Unlimited,Arcane Maelstrom,Secrets of Strixhaven,Commander 2020 - Ikoria,manual,0,0,importado de planilha
liga-2x2-online-s2-e4,,,,Boone & Reva,Boone & Reva,boone & reva,Boone,Reva,Içar Velas,"Ave, Caesar",https://moxfield.com/decks/2wB6WsbRwU-ZdNlWHu6VKg,https://moxfield.com/decks/a6xg5ghnH0C-IB5PPqTZBQ,Içar Velas,"Ave, Caesar",Ahoy Mateys,"Hail, Caesar",The Lost Caverns of Ixalan,Fallout,manual,0,0,importado de planilha
liga-2x2-online-s2-e4,,,,Borini & Vicente,Borini & Vicente,borini & vicente,Borini,Vicente,Lorehold Spirit,Silverquill Influence,https://moxfield.com/decks/u6bBAgiZn0aXxjms4_-J9A,https://moxfield.com/decks/g9rcUGSiR02aO2Ozof0rNA,Lorehold Spirit,Silverquill Influence,Lorehold Spirit,Silverquill Influence,Secrets of Strixhaven,Secrets of Strixhaven,manual,0,0,importado de planilha
liga-2x2-online-s2-e4,,,,Cássio & Carlos,Carlos & Cássio,carlos & cassio,Cássio,Carlos,Animated Army,Squirreled Away,https://moxfield.com/decks/IZBQnOST_kWlQtqytb75rg,https://moxfield.com/decks/4xEJiagwvEGelJy9ojLtZA,Animated Army,Squirreled Away,Animated Army,Squirreled Away,Bloomburrow,Bloomburrow,manual,0,0,importado de planilha
liga-2x2-online-s2-e4,,,,Martin & Jorel,Jorel & Martin,jorel & martin,Martin,Jorel,Lorehold Spirit,Quandrix Unlimited,https://moxfield.com/decks/u6bBAgiZn0aXxjms4_-J9A,https://moxfield.com/decks/ht3IDMDxnU2VOMi7MAhtFg,Lorehold Spirit,Quandrix Unlimited,Lorehold Spirit,Quandrix Unlimited,Secrets of Strixhaven,Secrets of Strixhaven,manual,0,0,importado de planilha
liga-2x2-online-s2-e4,,,,Vande & João Marmentini,João Marmentini & Vande,joao marmentini & vande,Vande,João Marmentini,Virtude e Valor,Silverquill Influence,https://moxfield.com/decks/Oo_99oH5K0ifS25Wzu5qLw,https://moxfield.com/decks/g9rcUGSiR02aO2Ozof0rNA,Virtude e Valor,Silverquill Influence,Virtue and Valor,Silverquill Influence,Wilds of Eldraine,Secrets of Strixhaven,manual,0,0,importado de planilha
liga-2x2-online-s2-e5,,,,Marcos Sartori & Arthur Sartori,Arthur Sartori & Marcos Sartori,arthur sartori & marcos sartori,Marcos Sartori,Arthur Sartori,Festa dos Planeswalker,Scions & Spellcraft,https://moxfield.com/decks/BYtodI0bP02r4z6UCkNkOg,https://moxfield.com/decks/r_IFt9Gc3UqaULfoAEjVvg,Festa dos Planeswalker,Scions & Spellcraft,Planeswalker Party,Scions & Spellcraft,Commander Masters,Final Fantasy,manual,0,0,importado de planilha
liga-2x2-online-s2-e5,,,,Bauer & Gustavo Dias,Bauer & Gustavo Dias,bauer & gustavo dias,Bauer,Gustavo Dias,Influência Corruptora,Quandrix Unlimited,https://moxfield.com/decks/wRdT-auSDE6XcMJPM0aHDA,https://moxfield.com/decks/ht3IDMDxnU2VOMi7MAhtFg,Influência Corruptora,Quandrix Unlimited,Corrupting Influence,Quandrix Unlimited,Phyrexia: All Will Be One,Secrets of Strixhaven,manual,0,0,importado de planilha
liga-2x2-online-s2-e5,,,,Greowtty & Bells,Bells & Greowtty,bells & greowtty,Greowtty,Bells,Virtude e Valor,Masters of Evil,https://moxfield.com/decks/Oo_99oH5K0ifS25Wzu5qLw,https://moxfield.com/decks/9i25pXMDhES76C-1-gBZKA,Virtude e Valor,Masters of Evil,Virtue and Valor,Masters of Evil,Wilds of Eldraine,Doctor Who,manual,0,0,importado de planilha
liga-2x2-online-s2-e5,,,,Cássio & Carlos,Carlos & Cássio,carlos & cassio,Cássio,Carlos,Animated Army,Squirreled Away,https://moxfield.com/decks/IZBQnOST_kWlQtqytb75rg,https://moxfield.com/decks/4xEJiagwvEGelJy9ojLtZA,Animated Army,Squirreled Away,Animated Army,Squirreled Away,Bloomburrow,Bloomburrow,manual,0,0,importado de planilha
liga-2x2-online-s2-e5,,,,Erick & Crothen,Crothen & Erick,crothen & erick,Erick,Crothen,Endless Punishment,Blight Curse,https://moxfield.com/decks/eg5J71BzAU-yctY6lRn12Q,https://moxfield.com/decks/dDoe4mrTwEWH0sP2H7WH4A,Endless Punishment,Blight Curse,Endless Punishment,Blight Curse,Duskmourn: House of Horror,Lorwyn Eclipsed,manual,0,0,importado de planilha
liga-2x2-online-s2-e5,,,,Rodrigo & Daniel,Daniel & Rodrigo,daniel & rodrigo,Rodrigo,Daniel,Cavaleiros de Rohan,Creative Energy,https://moxfield.com/decks/hi-cA6GBykKPYJ9xW0g_KQ,https://moxfield.com/decks/V896XG46-kuKTCBXImt5Cg,Cavaleiros de Rohan,Creative Energy,Riders of Rohan,Creative Energy,The Lord Of The Rings: Tales Of Middle-Earth,Modern Horizons 3,manual,0,0,importado de planilha
liga-2x2-online-s2-e5,,,,Pinho & Felipe,Felipe & Pinho,felipe & pinho,Pinho,Felipe,Tricky Terrain,Counter Blitz,https://moxfield.com/decks/oZAUJUI4OESC2r8Yz9hhRw,https://moxfield.com/decks/sDazpxFOb0S9IAdQSA_7lg,Tricky Terrain,Counter Blitz,Tricky Terrain,Counter Blitz,Modern Horizons 3,Final Fantasy,manual,0,0,importado de planilha
liga-2x2-online-s2-e5,,,,Vicente & Guilherme,Guilherme & Vicente,guilherme & vicente,Vicente,Guilherme,Forças do Império,Dance of the Elements,https://moxfield.com/decks/vBgNOCq5CUWU3B4c5m8gXA,https://moxfield.com/decks/Z9GXwZyiKkOfR3O5m1rEkw,Forças do Império,Dance of the Elements,Forces of the Imperium,Dance of the Elements,Warhammer 40.000,Lorwyn Eclipsed,manual,0,0,importado de planilha
liga-2x2-online-s2-e5,,,,Jorel & Martin,Jorel & Martin,jorel & martin,Jorel,Martin,Turtle Power!,Lorehold Spirit,https://moxfield.com/decks/igKb7qATmkmYaX3M7hB4Sg,https://moxfield.com/decks/u6bBAgiZn0aXxjms4_-J9A,Turtle Power!,Lorehold Spirit,Turtle Power!,Lorehold Spirit,Teenage Mutant Ninja Turtles,Secrets of Strixhaven,manual,0,0,importado de planilha
liga-2x2-online-s2-e5,,,,Vande & João Marmentini,João Marmentini & Vande,joao marmentini & vande,Vande,João Marmentini,Scions & Spellcraft,Endless Punishment,https://moxfield.com/decks/r_IFt9Gc3UqaULfoAEjVvg,https://moxfield.com/decks/eg5J71BzAU-yctY6lRn12Q,Scions & Spellcraft,Endless Punishment,Scions & Spellcraft,Endless Punishment,Final Fantasy,Duskmourn: House of Horror,manual,0,0,importado de planilha
liga-2x2-online-s2-e5,,,,Marcelo F. & Renan,Marcelo F. & Renan,marcelo f & renan,Marcelo F.,Renan,Lorehold Spirit,Içar Velas,https://moxfield.com/decks/u6bBAgiZn0aXxjms4_-J9A,https://moxfield.com/decks/2wB6WsbRwU-ZdNlWHu6VKg,Lorehold Spirit,Içar Velas,Lorehold Spirit,Ahoy Mateys,Secrets of Strixhaven,The Lost Caverns of Ixalan,manual,0,0,importado de planilha
liga-2x2-online-s2-e5,,,,Samuel & Reva,Reva & Samuel,reva & samuel,Samuel,Reva,Prismari Artistry,"Ave, Caesar",https://moxfield.com/decks/Fh99bHrQZ0KLu34C2JXu5w,https://moxfield.com/decks/a6xg5ghnH0C-IB5PPqTZBQ,Prismari Artistry,"Ave, Caesar",Prismari Artistry,"Hail, Caesar",Secrets of Strixhaven,Fallout,manual,0,0,importado de planilha
liga-2x2-online-s2-e6,,,,Andressa & Reva,Andressa & Reva,andressa & reva,Andressa,Reva,Temur Roar,Jeskai Striker,https://moxfield.com/decks/sao-2xrGqUCIfv46edPgmw,https://moxfield.com/decks/GqSQ24NIJkq-144dkab-HQ,Temur Roar,Jeskai Striker,Temur Roar,Jeskai Striker,Tarkir Dragonstorm,Tarkir Dragonstorm,manual,0,0,importado de planilha
liga-2x2-online-s2-e6,,,,Marcos Sartori & Arthur Sartori,Arthur Sartori & Marcos Sartori,arthur sartori & marcos sartori,Marcos Sartori,Arthur Sartori,Festa dos Planeswalker,Scions & Spellcraft,https://moxfield.com/decks/BYtodI0bP02r4z6UCkNkOg,https://moxfield.com/decks/r_IFt9Gc3UqaULfoAEjVvg,Festa dos Planeswalker,Scions & Spellcraft,Planeswalker Party,Scions & Spellcraft,Commander Masters,Final Fantasy,manual,0,0,importado de planilha
liga-2x2-online-s2-e6,,,,Bells & Greowtty,Bells & Greowtty,bells & greowtty,Bells,Greowtty,Quandrix Unlimited,Seize Control,https://moxfield.com/decks/ht3IDMDxnU2VOMi7MAhtFg,https://moxfield.com/decks/9xWe3BhbaEWqt4WNHdU7Ow,Quandrix Unlimited,Seize Control,Quandrix Unlimited,Seize Control,Secrets of Strixhaven,Commander 2015,manual,0,0,importado de planilha
liga-2x2-online-s2-e6,,,,Carlos & Vande,Carlos & Vande,carlos & vande,Carlos,Vande,Turtle Power!,Counter Blitz,https://moxfield.com/decks/igKb7qATmkmYaX3M7hB4Sg,https://moxfield.com/decks/sDazpxFOb0S9IAdQSA_7lg,Turtle Power!,Counter Blitz,Turtle Power!,Counter Blitz,Teenage Mutant Ninja Turtles,Final Fantasy,manual,0,0,importado de planilha
liga-2x2-online-s2-e6,,,,Felipe & Pinho,Felipe & Pinho,felipe & pinho,Felipe,Pinho,Tricky Terrain,Counter Blitz,https://moxfield.com/decks/oZAUJUI4OESC2r8Yz9hhRw,https://moxfield.com/decks/sDazpxFOb0S9IAdQSA_7lg,Tricky Terrain,Counter Blitz,Tricky Terrain,Counter Blitz,Modern Horizons 3,Final Fantasy,manual,0,0,importado de planilha
liga-2x2-online-s2-e6,,,,Guilherme & Vicente,Guilherme & Vicente,guilherme & vicente,Guilherme,Vicente,Dance of the Elements,Limit Break,https://moxfield.com/decks/Z9GXwZyiKkOfR3O5m1rEkw,https://moxfield.com/decks/pTUR6p0yNkOoxDNqo8TMEw,Dance of the Elements,Limit Break,Dance of the Elements,Limit Break,Lorwyn Eclipsed,Final Fantasy,manual,0,0,importado de planilha
liga-2x2-online-s2-e6,,,,Martin & Jorel,Jorel & Martin,jorel & martin,Martin,Jorel,Lorehold Spirit,Turtle Power!,https://moxfield.com/decks/u6bBAgiZn0aXxjms4_-J9A,https://moxfield.com/decks/igKb7qATmkmYaX3M7hB4Sg,Lorehold Spirit,Turtle Power!,Lorehold Spirit,Turtle Power!,Secrets of Strixhaven,Teenage Mutant Ninja Turtles,manual,0,0,importado de planilha
liga-2x2-online-s2-e6,,,,João Marmentini & Pedro Boaro,João Marmentini & Pedro Boaro,joao marmentini & pedro boaro,João Marmentini,Pedro Boaro,Lorehold Spirit,Silverquill Influence,https://moxfield.com/decks/u6bBAgiZn0aXxjms4_-J9A,https://moxfield.com/decks/g9rcUGSiR02aO2Ozof0rNA,Lorehold Spirit,Silverquill Influence,Lorehold Spirit,Silverquill Influence,Secrets of Strixhaven,Secrets of Strixhaven,manual,0,0,importado de planilha
liga-2x2-online-s2-e7,,,,Marcos Sartori & Arthur Sartori,Arthur Sartori & Marcos Sartori,arthur sartori & marcos sartori,Marcos Sartori,Arthur Sartori,Festa dos Planeswalker,Scions & Spellcraft,https://moxfield.com/decks/BYtodI0bP02r4z6UCkNkOg,https://moxfield.com/decks/r_IFt9Gc3UqaULfoAEjVvg,Festa dos Planeswalker,Scions & Spellcraft,Planeswalker Party,Scions & Spellcraft,Commander Masters,Final Fantasy,manual,0,0,importado de planilha
liga-2x2-online-s2-e7,,,,Greowtty & Bells,Bells & Greowtty,bells & greowtty,Greowtty,Bells,Swell the Host,Prismari Artistry,https://moxfield.com/decks/sTwznDkLR06SrAiWHA9AIA,https://moxfield.com/decks/Fh99bHrQZ0KLu34C2JXu5w,Swell the Host,Prismari Artistry,Swell the Host,Prismari Artistry,Commander 2015,Secrets of Strixhaven,manual,0,0,importado de planilha
liga-2x2-online-s2-e7,,,,Reva & Boone,Boone & Reva,boone & reva,Reva,Boone,"Ave, Caesar",Witherbloom Pestilence,https://moxfield.com/decks/a6xg5ghnH0C-IB5PPqTZBQ,https://moxfield.com/decks/AfG94iTx-UeG0L1wvTfSug,"Ave, Caesar",Witherbloom Pestilence,"Hail, Caesar",Witherbloom Pestilence,Fallout,Secrets of Strixhaven,manual,0,0,importado de planilha
liga-2x2-online-s2-e7,,,,Carlos & Carlos,Carlos & Carlos,carlos & carlos,Carlos,Carlos,Scions & Spellcraft,Doom Prevails,https://moxfield.com/decks/r_IFt9Gc3UqaULfoAEjVvg,https://moxfield.com/decks/Jg16IgdT80G3KgLz0vI23g,Scions & Spellcraft,Doom Prevails,Scions & Spellcraft,Doom Prevails,Final Fantasy,Marvel Super Heroes,manual,0,0,importado de planilha
liga-2x2-online-s2-e7,,,,Martin & Dellani,Dellani & Martin,dellani & martin,Martin,Dellani,Lorehold Spirit,Festa dos Planeswalker,https://moxfield.com/decks/u6bBAgiZn0aXxjms4_-J9A,https://moxfield.com/decks/BYtodI0bP02r4z6UCkNkOg,Lorehold Spirit,Festa dos Planeswalker,Lorehold Spirit,Planeswalker Party,Secrets of Strixhaven,Commander Masters,manual,0,0,importado de planilha
liga-2x2-online-s2-e7,,,,Felipe & Pinho,Felipe & Pinho,felipe & pinho,Felipe,Pinho,Tricky Terrain,Counter Blitz,https://moxfield.com/decks/oZAUJUI4OESC2r8Yz9hhRw,https://moxfield.com/decks/sDazpxFOb0S9IAdQSA_7lg,Tricky Terrain,Counter Blitz,Tricky Terrain,Counter Blitz,Modern Horizons 3,Final Fantasy,manual,0,0,importado de planilha
liga-2x2-online-s2-e7,,,,Guilherme & Vicente,Guilherme & Vicente,guilherme & vicente,Guilherme,Vicente,Prismari Artistry,Silverquill Influence,https://moxfield.com/decks/Fh99bHrQZ0KLu34C2JXu5w,https://moxfield.com/decks/g9rcUGSiR02aO2Ozof0rNA,Prismari Artistry,Silverquill Influence,Prismari Artistry,Silverquill Influence,Secrets of Strixhaven,Secrets of Strixhaven,manual,0,0,importado de planilha
liga-2x2-online-s2-e7,,,,Vande & Thiago,Thiago & Vande,thiago & vande,Vande,Thiago,Endless Punishment,Dance of the Elements,https://moxfield.com/decks/eg5J71BzAU-yctY6lRn12Q,https://moxfield.com/decks/Z9GXwZyiKkOfR3O5m1rEkw,Endless Punishment,Dance of the Elements,Endless Punishment,Dance of the Elements,Duskmourn: House of Horror,Lorwyn Eclipsed,manual,0,0,importado de planilha
liga-2x2-presencial-s1-e01-1,,,,Baron & Dare,Baron & Dare,baron & dare,Baron,Dare,Virtude e Valor,Animated Army,https://moxfield.com/decks/Oo_99oH5K0ifS25Wzu5qLw,https://moxfield.com/decks/IZBQnOST_kWlQtqytb75rg,Virtude e Valor,Animated Army,Virtue and Valor,Animated Army,Wilds of Eldraine,Bloomburrow,manual,0,0,importado de planilha
liga-2x2-presencial-s1-e01-1,,,,Langa & Guga,Guga & Langa,guga & langa,Langa,Guga,Içar Velas,Mardu Surge,https://moxfield.com/decks/2wB6WsbRwU-ZdNlWHu6VKg,https://moxfield.com/decks/Ofx3_fKIg0eNc9wg_moKPw,Içar Velas,Mardu Surge,Ahoy Mateys,Mardu Surge,The Lost Caverns of Ixalan,Tarkir Dragonstorm,manual,0,0,importado de planilha
liga-2x2-presencial-s1-e01-1,,,,Martin & Jorel,Jorel & Martin,jorel & martin,Martin,Jorel,Jeskai Striker,Creative Energy,https://moxfield.com/decks/GqSQ24NIJkq-144dkab-HQ,https://moxfield.com/decks/V896XG46-kuKTCBXImt5Cg,Jeskai Striker,Creative Energy,Jeskai Striker,Creative Energy,Tarkir Dragonstorm,Modern Horizons 3,manual,0,0,importado de planilha
liga-2x2-presencial-s1-e01-1,,,,Nobru & Metusa,Metusa & Nobru,metusa & nobru,Nobru,Metusa,Virtude e Valor,Jump Scare!,https://moxfield.com/decks/Oo_99oH5K0ifS25Wzu5qLw,https://moxfield.com/decks/XzGgdXc-TE-qFr4lzmGl6Q,Virtude e Valor,Jump Scare!,Virtue and Valor,Jump Scare!,Wilds of Eldraine,Duskmourn: House of Horror,manual,0,0,importado de planilha
liga-2x2-presencial-s1-e01-1,,,,Zubk & Nath,Nath & Zubk,nath & zubk,Zubk,Nath,Devorarrrdores de Mentes,Perigo Mortal,https://moxfield.com/decks/fmt6yaMreU2LXsLELVt7xw,https://moxfield.com/decks/OVDNmzDGOEW6CL-dVVCxbA,Devorarrrdores de Mentes,Perigo Mortal,Mind Flayarrrs,Grave Danger,Commander Legends: Battle for Baldur's Gate,Starter Commander Decks,manual,0,0,importado de planilha
liga-2x2-presencial-s1-e01-1,,,,Teixeira & Pedro,Pedro & Teixeira,pedro & teixeira,Teixeira,Pedro,Veloci-E-Rápido,Içar Velas,https://moxfield.com/decks/KcPWaLquLkmIOy3XsFHTqQ,https://moxfield.com/decks/2wB6WsbRwU-ZdNlWHu6VKg,Veloci-E-Rápido,Içar Velas,Veloci-Ramp-Tor,Ahoy Mateys,The Lost Caverns of Ixalan,The Lost Caverns of Ixalan,manual,0,0,importado de planilha
liga-2x2-presencial-s1-e02,,,,Fiel & Werneck,Fiel & marcus vinicius werneck esteves,fiel & marcus vinicius werneck esteves,Fiel,marcus vinicius werneck esteves,Death Toll,Endless Punishment,https://moxfield.com/decks/IYNgcuHZQk2WJeZMJw0t7Q,https://moxfield.com/decks/eg5J71BzAU-yctY6lRn12Q,Death Toll,Endless Punishment,Death Toll,Endless Punishment,Duskmourn: House of Horror,Duskmourn: House of Horror,manual,0,0,importado de planilha
liga-2x2-presencial-s1-e02,,,,Jorel & Martin,Jorel & Martin,jorel & martin,Jorel,Martin,Blight Curse,Counter Blitz,https://moxfield.com/decks/dDoe4mrTwEWH0sP2H7WH4A,https://moxfield.com/decks/sDazpxFOb0S9IAdQSA_7lg,Blight Curse,Counter Blitz,Blight Curse,Counter Blitz,Lorwyn Eclipsed,Final Fantasy,manual,0,0,importado de planilha
liga-2x2-presencial-s1-e02,,,,Nobru & Metusa,Metusa & Nobru,metusa & nobru,Nobru,Metusa,Virtude e Valor,Jump Scare!,https://moxfield.com/decks/Oo_99oH5K0ifS25Wzu5qLw,https://moxfield.com/decks/XzGgdXc-TE-qFr4lzmGl6Q,Virtude e Valor,Jump Scare!,Virtue and Valor,Jump Scare!,Wilds of Eldraine,Duskmourn: House of Horror,manual,0,0,importado de planilha
liga-2x2-presencial-s1-e02,,,,Tony & Oscar,Oscar & Tony,oscar & tony,Tony,Oscar,Domínio das Fadinas,Scions & Spellcraft,https://moxfield.com/decks/ErDyBjAnKE6l5TqX6wMxdg,https://moxfield.com/decks/r_IFt9Gc3UqaULfoAEjVvg,Domínio das Fadinas,Scions & Spellcraft,Fae Dominion,Scions & Spellcraft,Wilds of Eldraine,Final Fantasy,manual,0,0,importado de planilha
liga-2x2-presencial-s1-e04,,,,Bauer & Langa,Bauer & Langa,bauer & langa,Bauer,Langa,Içar Velas,Temur Roar,https://moxfield.com/decks/2wB6WsbRwU-ZdNlWHu6VKg,https://moxfield.com/decks/sao-2xrGqUCIfv46edPgmw,Içar Velas,Temur Roar,Ahoy Mateys,Temur Roar,The Lost Caverns of Ixalan,Tarkir Dragonstorm,manual,0,0,importado de planilha
liga-2x2-presencial-s1-e04,,,,Freire & Pudeulko,Freire & Pudeulko,freire & pudeulko,Freire,Pudeulko,,,,,,,,,,,manual,0,1,importado de planilha
liga-2x2-presencial-s1-e04,,,,Jorel & Martin,Jorel & Martin,jorel & martin,Jorel,Martin,Blight Curse,Counter Blitz,https://moxfield.com/decks/dDoe4mrTwEWH0sP2H7WH4A,https://moxfield.com/decks/sDazpxFOb0S9IAdQSA_7lg,Blight Curse,Counter Blitz,Blight Curse,Counter Blitz,Lorwyn Eclipsed,Final Fantasy,manual,0,0,importado de planilha
liga-2x2-presencial-s1-e04,,,,Rudzzt & Metusa,Metusa & Rudzzt,metusa & rudzzt,Rudzzt,Metusa,Scions & Spellcraft,Jump Scare!,https://moxfield.com/decks/r_IFt9Gc3UqaULfoAEjVvg,https://moxfield.com/decks/XzGgdXc-TE-qFr4lzmGl6Q,Scions & Spellcraft,Jump Scare!,Scions & Spellcraft,Jump Scare!,Final Fantasy,Duskmourn: House of Horror,manual,0,0,importado de planilha
liga-2x2-presencial-s1-e04,,,,Nobru & Tarik,Nobru & Tarik,nobru & tarik,Nobru,Tarik,,,,,,,,,,,manual,0,1,importado de planilha
liga-2x2-presencial-s1-e04,,,,Zangalli & Zangalli pai,Zangalli & Zangalli pai,zangalli & zangalli pai,Zangalli,Zangalli pai,Jeskai Striker,Veloci-E-Rápido,https://moxfield.com/decks/GqSQ24NIJkq-144dkab-HQ,https://moxfield.com/decks/KcPWaLquLkmIOy3XsFHTqQ,Jeskai Striker,Veloci-E-Rápido,Jeskai Striker,Veloci-Ramp-Tor,Tarkir Dragonstorm,The Lost Caverns of Ixalan,manual,0,0,importado de planilha
liga-2x2-presencial-s1-e06,,,,Aleksander & Luisa,Aleksander & Luisa,aleksander & luisa,Aleksander,Luisa,,,,,,,,,,,manual,0,1,importado de planilha
liga-2x2-presencial-s1-e06,,,,Carlos & Mel,Carlos & Mel,carlos & mel,Carlos,Mel,Virtude e Valor,Cavaleiros de Rohan,https://moxfield.com/decks/Oo_99oH5K0ifS25Wzu5qLw,https://moxfield.com/decks/hi-cA6GBykKPYJ9xW0g_KQ,Virtude e Valor,Cavaleiros de Rohan,Virtue and Valor,Riders of Rohan,Wilds of Eldraine,The Lord Of The Rings: Tales Of Middle-Earth,manual,0,0,importado de planilha
liga-2x2-presencial-s1-e06,,,,Dupla desconhecida,Dupla desconhecida & Dupla desconhecida,dupla desconhecida & dupla desconhecida,Dupla desconhecida,Dupla desconhecida,Turtle Power!,Jump Scare!,https://moxfield.com/decks/igKb7qATmkmYaX3M7hB4Sg,https://moxfield.com/decks/XzGgdXc-TE-qFr4lzmGl6Q,Turtle Power!,Jump Scare!,Turtle Power!,Jump Scare!,Teenage Mutant Ninja Turtles,Duskmourn: House of Horror,manual,0,0,importado de planilha
liga-2x2-presencial-s1-e06,,,,Matheus & luciano,Luciano & Matheus,luciano & matheus,Matheus,Luciano,Counter Blitz,Temur Roar,https://moxfield.com/decks/sDazpxFOb0S9IAdQSA_7lg,https://moxfield.com/decks/sao-2xrGqUCIfv46edPgmw,Counter Blitz,Temur Roar,Counter Blitz,Temur Roar,Final Fantasy,Tarkir Dragonstorm,manual,0,0,importado de planilha
liga-2x2-presencial-s1-e06,,,,Metusa & Rudi,Metusa & Rudzzt,metusa & rudzzt,Metusa,Rudzzt,Scions & Spellcraft,Jump Scare!,https://moxfield.com/decks/r_IFt9Gc3UqaULfoAEjVvg,https://moxfield.com/decks/XzGgdXc-TE-qFr4lzmGl6Q,Scions & Spellcraft,Jump Scare!,Scions & Spellcraft,Jump Scare!,Final Fantasy,Duskmourn: House of Horror,manual,0,0,importado de planilha
liga-2x2-presencial-s1-e06,,,,Nobru & tarik,Nobru & Tarik,nobru & tarik,Nobru,Tarik,Turtle Power!,Counter Blitz,https://moxfield.com/decks/igKb7qATmkmYaX3M7hB4Sg,https://moxfield.com/decks/sDazpxFOb0S9IAdQSA_7lg,Turtle Power!,Counter Blitz,Turtle Power!,Counter Blitz,Teenage Mutant Ninja Turtles,Final Fantasy,manual,0,0,importado de planilha
liga-2x2-presencial-s1-e07,,,,Bauer & Kennao,Bauer & Kennao,bauer & kennao,Bauer,Kennao,Linhagem Vampírica,Temur Roar,https://moxfield.com/decks/HIWLDPN2Bkyz9vSAl8rDmQ,https://moxfield.com/decks/sao-2xrGqUCIfv46edPgmw,Linhagem Vampírica,Temur Roar,Vampiric Bloodline,Temur Roar,Innistrad: Crimson Vow,Tarkir Dragonstorm,manual,0,0,importado de planilha
liga-2x2-presencial-s1-e07,,,,Melke & Gustavo Dias,Gustavo Dias & Melk,gustavo dias & melk,Melk,Gustavo Dias,Counter Blitz,Squirreled Away,https://moxfield.com/decks/sDazpxFOb0S9IAdQSA_7lg,https://moxfield.com/decks/4xEJiagwvEGelJy9ojLtZA,Counter Blitz,Squirreled Away,Counter Blitz,Squirreled Away,Final Fantasy,Bloomburrow,manual,0,0,importado de planilha
liga-2x2-presencial-s1-e07,,,,Jorel & Martin,Jorel & Martin,jorel & martin,Jorel,Martin,Turtle Power!,Jeskai Striker,https://moxfield.com/decks/igKb7qATmkmYaX3M7hB4Sg,https://moxfield.com/decks/GqSQ24NIJkq-144dkab-HQ,Turtle Power!,Jeskai Striker,Turtle Power!,Jeskai Striker,Teenage Mutant Ninja Turtles,Tarkir Dragonstorm,manual,0,0,importado de planilha
liga-2x2-presencial-s1-e07,,,,Langa & Murilo Ferreira,Langa & Murilo Ferreira,langa & murilo ferreira,Langa,Murilo Ferreira,Turtle Power!,Içar Velas,https://moxfield.com/decks/igKb7qATmkmYaX3M7hB4Sg,https://moxfield.com/decks/2wB6WsbRwU-ZdNlWHu6VKg,Turtle Power!,Içar Velas,Turtle Power!,Ahoy Mateys,Teenage Mutant Ninja Turtles,The Lost Caverns of Ixalan,manual,0,0,importado de planilha
liga-2x2-presencial-s1-e07,,,,Theo & Leonardo,Leonardo & Theo,leonardo & theo,Theo,Leonardo,Turtle Power!,Temur Roar,https://moxfield.com/decks/igKb7qATmkmYaX3M7hB4Sg,https://moxfield.com/decks/sao-2xrGqUCIfv46edPgmw,Turtle Power!,Temur Roar,Turtle Power!,Temur Roar,Teenage Mutant Ninja Turtles,Tarkir Dragonstorm,manual,0,0,importado de planilha
liga-2x2-presencial-s1-e07,,,,Matheus Assis & Luciano,Luciano & Matheus,luciano & matheus,Matheus,Luciano,Domínio das Fadinas,Limit Break,https://moxfield.com/decks/ErDyBjAnKE6l5TqX6wMxdg,https://moxfield.com/decks/pTUR6p0yNkOoxDNqo8TMEw,Domínio das Fadinas,Limit Break,Fae Dominion,Limit Break,Wilds of Eldraine,Final Fantasy,manual,0,0,importado de planilha
liga-2x2-presencial-s1-e07,,,,Rudzzt & Metusa,Metusa & Rudzzt,metusa & rudzzt,Rudzzt,Metusa,Scions & Spellcraft,Jump Scare!,https://moxfield.com/decks/r_IFt9Gc3UqaULfoAEjVvg,https://moxfield.com/decks/XzGgdXc-TE-qFr4lzmGl6Q,Scions & Spellcraft,Jump Scare!,Scions & Spellcraft,Jump Scare!,Final Fantasy,Duskmourn: House of Horror,manual,0,0,importado de planilha
liga-2x2-presencial-s1-e07,,,,Nobru & Nicolas,Nicolas & Nobru,nicolas & nobru,Nobru,Nicolas,Içar Velas,Sultai Arisen,https://moxfield.com/decks/2wB6WsbRwU-ZdNlWHu6VKg,https://moxfield.com/decks/puUUlzKNckGa-UnaRQSbxw,Içar Velas,Sultai Arisen,Ahoy Mateys,Sultai Arisen,The Lost Caverns of Ixalan,Tarkir Dragonstorm,manual,0,0,importado de planilha
liga-2x2-presencial-s1-e08,,,,Banshee & Gabi,Banshee & Gabi,banshee & gabi,Banshee,Gabi,Blast from the Past,Squirreled Away,https://moxfield.com/decks/DrrgKpdOf0mmfCVUIyraLw,https://moxfield.com/decks/4xEJiagwvEGelJy9ojLtZA,Blast from the Past,Squirreled Away,Blast from the Past,Squirreled Away,Doctor Who,Bloomburrow,manual,0,0,importado de planilha
liga-2x2-presencial-s1-e08,,,,Nobru & Guga,Guga & Nobru,guga & nobru,Nobru,Guga,Içar Velas,Squirreled Away,https://moxfield.com/decks/2wB6WsbRwU-ZdNlWHu6VKg,https://moxfield.com/decks/4xEJiagwvEGelJy9ojLtZA,Içar Velas,Squirreled Away,Ahoy Mateys,Squirreled Away,The Lost Caverns of Ixalan,Bloomburrow,manual,0,0,importado de planilha
liga-2x2-presencial-s1-e08,,,,Martin & Jorel,Jorel & Martin,jorel & martin,Martin,Jorel,Turtle Power!,Jeskai Striker,https://moxfield.com/decks/igKb7qATmkmYaX3M7hB4Sg,https://moxfield.com/decks/GqSQ24NIJkq-144dkab-HQ,Turtle Power!,Jeskai Striker,Turtle Power!,Jeskai Striker,Teenage Mutant Ninja Turtles,Tarkir Dragonstorm,manual,0,0,importado de planilha
liga-2x2-presencial-s1-e08,,,,Manfrinato & Melissa,Manfrinato & Melissa,manfrinato & melissa,Manfrinato,Melissa,Comida e Sociedade,Cavaleiros de Rohan,https://moxfield.com/decks/KOqweQdLSUSWGxKHtyy95Q,https://moxfield.com/decks/hi-cA6GBykKPYJ9xW0g_KQ,Comida e Sociedade,Cavaleiros de Rohan,Food and Fellowship,Riders of Rohan,The Lord Of The Rings: Tales Of Middle-Earth,The Lord Of The Rings: Tales Of Middle-Earth,manual,0,0,importado de planilha
liga-2x2-presencial-s1-e08,,,,Matheus & Murilo,Matheus & Murilo,matheus & murilo,Matheus,Murilo,Turtle Power!,Scions & Spellcraft,https://moxfield.com/decks/igKb7qATmkmYaX3M7hB4Sg,https://moxfield.com/decks/r_IFt9Gc3UqaULfoAEjVvg,Turtle Power!,Scions & Spellcraft,Turtle Power!,Scions & Spellcraft,Teenage Mutant Ninja Turtles,Final Fantasy,manual,0,0,importado de planilha
liga-2x2-presencial-s1-e08,,,,Melke & Sônia,Melk & Sônia,melk & sonia,Melk,Sônia,Abzan Armor,Veloci-E-Rápido,https://moxfield.com/decks/hdTiRiY5IEyCJFL2BR8cyg,https://moxfield.com/decks/KcPWaLquLkmIOy3XsFHTqQ,Abzan Armor,Veloci-E-Rápido,Abzan Armor,Veloci-Ramp-Tor,Tarkir Dragonstorm,The Lost Caverns of Ixalan,manual,0,0,importado de planilha
liga-2x2-presencial-s1-e08,,,,Rudzzt & Metusa,Metusa & Rudzzt,metusa & rudzzt,Rudzzt,Metusa,Scions & Spellcraft,Jump Scare!,https://moxfield.com/decks/r_IFt9Gc3UqaULfoAEjVvg,https://moxfield.com/decks/XzGgdXc-TE-qFr4lzmGl6Q,Scions & Spellcraft,Jump Scare!,Scions & Spellcraft,Jump Scare!,Final Fantasy,Duskmourn: House of Horror,manual,0,0,importado de planilha
liga-2x2-presencial-s1-e08,,,,Zangalli & Vina,Vina & Zangalli,vina & zangalli,Zangalli,Vina,Endless Punishment,Scions & Spellcraft,https://moxfield.com/decks/eg5J71BzAU-yctY6lRn12Q,https://moxfield.com/decks/r_IFt9Gc3UqaULfoAEjVvg,Endless Punishment,Scions & Spellcraft,Endless Punishment,Scions & Spellcraft,Duskmourn: House of Horror,Final Fantasy,manual,0,0,importado de planilha
liga-2x2-presencial-s1-e09,,,,Oscar & Anthony,Anthony & Oscar,anthony & oscar,Oscar,Anthony,Domínio das Fadinas,Exploradores das Profundezas,https://moxfield.com/decks/ErDyBjAnKE6l5TqX6wMxdg,https://moxfield.com/decks/SvrXYfEIn0q5EprNPf0mqQ,Domínio das Fadinas,Exploradores das Profundezas,Fae Dominion,Explorers of the Deep,Wilds of Eldraine,The Lost Caverns of Ixalan,manual,0,0,importado de planilha
liga-2x2-presencial-s1-e09,,,,Murilo Oyafuso & Castanhari,Arthur Castanhari & Murilo Oyafuso,arthur castanhari & murilo oyafuso,Murilo Oyafuso,Arthur Castanhari,World Shaper,Turtle Power!,https://moxfield.com/decks/n04yWsMGvUCmMQ8ImxJ_0A,https://moxfield.com/decks/igKb7qATmkmYaX3M7hB4Sg,World Shaper,Turtle Power!,World Shaper,Turtle Power!,Edge of Eternities,Teenage Mutant Ninja Turtles,manual,0,0,importado de planilha
liga-2x2-presencial-s1-e09,,,,Martin & Jorel,Jorel & Martin,jorel & martin,Martin,Jorel,Turtle Power!,Counter Blitz,https://moxfield.com/decks/igKb7qATmkmYaX3M7hB4Sg,https://moxfield.com/decks/sDazpxFOb0S9IAdQSA_7lg,Turtle Power!,Counter Blitz,Turtle Power!,Counter Blitz,Teenage Mutant Ninja Turtles,Final Fantasy,manual,0,0,importado de planilha
liga-2x2-presencial-s1-e09,,,,Matheus & Romano,Matheus & Romano,matheus & romano,Matheus,Romano,,,,,,,,,,,manual,0,1,importado de planilha
liga-2x2-presencial-s1-e09,,,,Metusa & Rud,Metusa & Rudzzt,metusa & rudzzt,Metusa,Rudzzt,Exploradores das Profundezas,Quandrix Quântica,https://moxfield.com/decks/SvrXYfEIn0q5EprNPf0mqQ,https://moxfield.com/decks/PZE0uF5pckKFccZKFvp1mg,Exploradores das Profundezas,Quandrix Quântica,Explorers of the Deep,Quantum Quandrix,The Lost Caverns of Ixalan,Commander 2021 - Strixhaven,manual,0,0,importado de planilha
liga-2x2-presencial-s2-e1,,,,Theo & André,André & Theo,andre & theo,Theo,André,Creative Energy,World Shaper,https://moxfield.com/decks/V896XG46-kuKTCBXImt5Cg,https://moxfield.com/decks/n04yWsMGvUCmMQ8ImxJ_0A,Creative Energy,World Shaper,Creative Energy,World Shaper,Modern Horizons 3,Edge of Eternities,manual,0,0,importado de planilha
liga-2x2-presencial-s2-e1,,,,Berka & Nobru,Berka & Nobru,berka & nobru,Berka,Nobru,Death Toll,Turtle Power!,https://moxfield.com/decks/IYNgcuHZQk2WJeZMJw0t7Q,https://moxfield.com/decks/igKb7qATmkmYaX3M7hB4Sg,Death Toll,Turtle Power!,Death Toll,Turtle Power!,Duskmourn: House of Horror,Teenage Mutant Ninja Turtles,manual,0,0,importado de planilha
liga-2x2-presencial-s2-e1,,,,Zangalli & Cheury,Cheury & Zangalli,cheury & zangalli,Zangalli,Cheury,Dance of the Elements,Endless Punishment,https://moxfield.com/decks/Z9GXwZyiKkOfR3O5m1rEkw,https://moxfield.com/decks/eg5J71BzAU-yctY6lRn12Q,Dance of the Elements,Endless Punishment,Dance of the Elements,Endless Punishment,Lorwyn Eclipsed,Duskmourn: House of Horror,manual,0,0,importado de planilha
liga-2x2-presencial-s2-e1,,,,Matheus & Johann,Johann & Matheus,johann & matheus,Matheus,Johann,Domínio das Fadinas,Veloci-E-Rápido,https://moxfield.com/decks/ErDyBjAnKE6l5TqX6wMxdg,https://moxfield.com/decks/KcPWaLquLkmIOy3XsFHTqQ,Domínio das Fadinas,Veloci-E-Rápido,Fae Dominion,Veloci-Ramp-Tor,Wilds of Eldraine,The Lost Caverns of Ixalan,manual,0,0,importado de planilha
liga-2x2-presencial-s2-e1,,,,Jorel & Martin,Jorel & Martin,jorel & martin,Jorel,Martin,Turtle Power!,Counter Blitz,https://moxfield.com/decks/igKb7qATmkmYaX3M7hB4Sg,https://moxfield.com/decks/sDazpxFOb0S9IAdQSA_7lg,Turtle Power!,Counter Blitz,Turtle Power!,Counter Blitz,Teenage Mutant Ninja Turtles,Final Fantasy,manual,0,0,importado de planilha
liga-2x2-presencial-s2-e1,,,,Melk & Sônia,Melk & Sônia,melk & sonia,Melk,Sônia,Veloci-E-Rápido,Jeskai Striker,https://moxfield.com/decks/KcPWaLquLkmIOy3XsFHTqQ,https://moxfield.com/decks/GqSQ24NIJkq-144dkab-HQ,Veloci-E-Rápido,Jeskai Striker,Veloci-Ramp-Tor,Jeskai Striker,The Lost Caverns of Ixalan,Tarkir Dragonstorm,manual,0,0,importado de planilha
liga-2x2-presencial-s2-e1,,,,Metusalem & Ruddzt,Metusa & Rudzzt,metusa & rudzzt,Metusa,Rudzzt,Mediadores Engalanados,Counter Blitz,https://moxfield.com/decks/dUg9kVt-yUC-J4rRanRBbA,https://moxfield.com/decks/sDazpxFOb0S9IAdQSA_7lg,Mediadores Engalanados,Counter Blitz,Bedecked Brokers,Counter Blitz,Streets of New Capenna,Final Fantasy,manual,0,0,importado de planilha
liga-2x2-presencial-s2-e1,,,,Oscar & Vini,Oscar & Vini,oscar & vini,Oscar,Vini,Temur Roar,Veloci-E-Rápido,https://moxfield.com/decks/sao-2xrGqUCIfv46edPgmw,https://moxfield.com/decks/KcPWaLquLkmIOy3XsFHTqQ,Temur Roar,Veloci-E-Rápido,Temur Roar,Veloci-Ramp-Tor,Tarkir Dragonstorm,The Lost Caverns of Ixalan,manual,0,0,importado de planilha
liga-2x2-presencial-s2-e2,,,,André & Matheus,André & Matheus,andre & matheus,André,Matheus,Creative Energy,Cavaleiros de Rohan,https://moxfield.com/decks/V896XG46-kuKTCBXImt5Cg,https://moxfield.com/decks/hi-cA6GBykKPYJ9xW0g_KQ,Creative Energy,Cavaleiros de Rohan,Creative Energy,Riders of Rohan,Modern Horizons 3,The Lord Of The Rings: Tales Of Middle-Earth,manual,0,0,importado de planilha
liga-2x2-presencial-s2-e2,,,,Murilo Oyafuso & Arthur Castanhari,Arthur Castanhari & Murilo Oyafuso,arthur castanhari & murilo oyafuso,Murilo Oyafuso,Arthur Castanhari,Scions & Spellcraft,Cacofonia dos Cabaretti,https://moxfield.com/decks/r_IFt9Gc3UqaULfoAEjVvg,https://moxfield.com/decks/GyEvLRf31UqSk08E5aM4AA,Scions & Spellcraft,Cacofonia dos Cabaretti,Scions & Spellcraft,Cabaretti Cacophony,Final Fantasy,Streets of New Capenna,manual,0,0,importado de planilha
liga-2x2-presencial-s2-e2,,,,Carlos Kit & Gustavo Dias,Carlos Kit & Gustavo Dias,carlos kit & gustavo dias,Carlos Kit,Gustavo Dias,Angels: They're Just Like Us but Cooler and With Wings,Temur Roar,https://moxfield.com/decks/Q3Wn5qhG0UWFaGIYEpmRjQ,https://moxfield.com/decks/sao-2xrGqUCIfv46edPgmw,Angels: They're Just Like Us but Cooler and With Wings,Temur Roar,Angels: They're Just Like Us but Cooler and With Wings,Temur Roar,Secret Lair Commander Deck,Tarkir Dragonstorm,manual,0,0,importado de planilha
liga-2x2-presencial-s2-e2,,,,Eduardo & Luís Zangalli,Eduardo & Luís Zangalli,eduardo & luis zangalli,Eduardo,Luís Zangalli,,,,,,,,,,,manual,0,1,importado de planilha
liga-2x2-presencial-s2-e2,,,,Ewerson & Gabriel,Ewerson & Gabriel,ewerson & gabriel,Ewerson,Gabriel,,,,,,,,,,,manual,0,1,importado de planilha
liga-2x2-presencial-s2-e2,,,,Jorel & Martin,Jorel & Martin,jorel & martin,Jorel,Martin,Turtle Power!,Counter Blitz,https://moxfield.com/decks/igKb7qATmkmYaX3M7hB4Sg,https://moxfield.com/decks/sDazpxFOb0S9IAdQSA_7lg,Turtle Power!,Counter Blitz,Turtle Power!,Counter Blitz,Teenage Mutant Ninja Turtles,Final Fantasy,manual,0,0,importado de planilha
liga-2x2-presencial-s2-e2,,,,Nobru & Melk,Melk & Nobru,melk & nobru,Nobru,Melk,Devorarrrdores de Mentes,,https://moxfield.com/decks/fmt6yaMreU2LXsLELVt7xw,,Devorarrrdores de Mentes,,Mind Flayarrrs,,Commander Legends: Battle for Baldur's Gate,,manual,0,1,importado de planilha
liga-2x2-presencial-s2-e2,,,,Metusalem & Ruddzt,Metusa & Rudzzt,metusa & rudzzt,Metusa,Rudzzt,Quandrix Quântica,Jump Scare!,https://moxfield.com/decks/PZE0uF5pckKFccZKFvp1mg,https://moxfield.com/decks/XzGgdXc-TE-qFr4lzmGl6Q,Quandrix Quântica,Jump Scare!,Quantum Quandrix,Jump Scare!,Commander 2021 - Strixhaven,Duskmourn: House of Horror,manual,0,0,importado de planilha
liga-2x2-presencial-s2-e2,,,,Oscar & Vini,Oscar & Vini,oscar & vini,Oscar,Vini,Temur Roar,Veloci-E-Rápido,https://moxfield.com/decks/sao-2xrGqUCIfv46edPgmw,https://moxfield.com/decks/KcPWaLquLkmIOy3XsFHTqQ,Temur Roar,Veloci-E-Rápido,Temur Roar,Veloci-Ramp-Tor,Tarkir Dragonstorm,The Lost Caverns of Ixalan,manual,0,0,importado de planilha
liga-2x2-presencial-s2-e3,,,,Martin & Banshee,Banshee & Martin,banshee & martin,Martin,Banshee,Lorehold Spirit,Prismari Artistry,https://moxfield.com/decks/u6bBAgiZn0aXxjms4_-J9A,https://moxfield.com/decks/Fh99bHrQZ0KLu34C2JXu5w,Lorehold Spirit,Prismari Artistry,Lorehold Spirit,Prismari Artistry,Secrets of Strixhaven,Secrets of Strixhaven,manual,0,0,importado de planilha
liga-2x2-presencial-s2-e3,,,,Fabi & João Marmentini,Fabi & João Marmentini,fabi & joao marmentini,Fabi,João Marmentini,Virtude e Valor,Squirreled Away,https://moxfield.com/decks/Oo_99oH5K0ifS25Wzu5qLw,https://moxfield.com/decks/4xEJiagwvEGelJy9ojLtZA,Virtude e Valor,Squirreled Away,Virtue and Valor,Squirreled Away,Wilds of Eldraine,Bloomburrow,manual,0,0,importado de planilha
liga-2x2-presencial-s2-e3,,,,Furiatti & Nakamura,Furiatti & Nakamura,furiatti & nakamura,Furiatti,Nakamura,Domínio das Fadinas,Virtude e Valor,https://moxfield.com/decks/ErDyBjAnKE6l5TqX6wMxdg,https://moxfield.com/decks/Oo_99oH5K0ifS25Wzu5qLw,Domínio das Fadinas,Virtude e Valor,Fae Dominion,Virtue and Valor,Wilds of Eldraine,Wilds of Eldraine,manual,0,0,importado de planilha
liga-2x2-presencial-s2-e3,,,,Gustavo dias & Gustavo taverna,Gustavo Dias & Gustavo taverna,gustavo dias & gustavo taverna,Gustavo Dias,Gustavo taverna,,,,,,,,,,,manual,0,1,importado de planilha
liga-2x2-presencial-s2-e3,,,,Romano & Matheus,Matheus & Romano,matheus & romano,Romano,Matheus,Quandrix Unlimited,Silverquill Influence,https://moxfield.com/decks/ht3IDMDxnU2VOMi7MAhtFg,https://moxfield.com/decks/g9rcUGSiR02aO2Ozof0rNA,Quandrix Unlimited,Silverquill Influence,Quandrix Unlimited,Silverquill Influence,Secrets of Strixhaven,Secrets of Strixhaven,manual,0,0,importado de planilha
liga-2x2-presencial-s2-e3,,,,Sonia & Melk,Melk & Sônia,melk & sonia,Sônia,Melk,Family Matters,Veloci-E-Rápido,https://moxfield.com/decks/c6jPOurIekil4dXtwVWq8w,https://moxfield.com/decks/KcPWaLquLkmIOy3XsFHTqQ,Family Matters,Veloci-E-Rápido,Family Matters,Veloci-Ramp-Tor,Bloomburrow,The Lost Caverns of Ixalan,manual,0,0,importado de planilha
liga-2x2-presencial-s2-e3,,,,Metusa & Ruddzt,Metusa & Rudzzt,metusa & rudzzt,Metusa,Rudzzt,Quandrix Unlimited,Quandrix Quântica,https://moxfield.com/decks/ht3IDMDxnU2VOMi7MAhtFg,https://moxfield.com/decks/PZE0uF5pckKFccZKFvp1mg,Quandrix Unlimited,Quandrix Quântica,Quandrix Unlimited,Quantum Quandrix,Secrets of Strixhaven,Commander 2021 - Strixhaven,manual,0,0,importado de planilha
liga-2x2-presencial-s2-e3,,,,Oscar & Vini,Oscar & Vini,oscar & vini,Oscar,Vini,Endless Punishment,Veloci-E-Rápido,https://moxfield.com/decks/eg5J71BzAU-yctY6lRn12Q,https://moxfield.com/decks/KcPWaLquLkmIOy3XsFHTqQ,Endless Punishment,Veloci-E-Rápido,Endless Punishment,Veloci-Ramp-Tor,Duskmourn: House of Horror,The Lost Caverns of Ixalan,manual,0,0,importado de planilha
liga-2x2-presencial-s2-e4,,,,Murilo Oyafuso & Arthur Castanhari,Arthur Castanhari & Murilo Oyafuso,arthur castanhari & murilo oyafuso,Murilo Oyafuso,Arthur Castanhari,Quandrix Unlimited,Silverquill Influence,https://moxfield.com/decks/ht3IDMDxnU2VOMi7MAhtFg,https://moxfield.com/decks/g9rcUGSiR02aO2Ozof0rNA,Quandrix Unlimited,Silverquill Influence,Quandrix Unlimited,Silverquill Influence,Secrets of Strixhaven,Secrets of Strixhaven,manual,0,0,importado de planilha
liga-2x2-presencial-s2-e4,,,,Jorel & Banshee,Banshee & Jorel,banshee & jorel,Jorel,Banshee,Witherbloom Pestilence,World Shaper,https://moxfield.com/decks/AfG94iTx-UeG0L1wvTfSug,https://moxfield.com/decks/n04yWsMGvUCmMQ8ImxJ_0A,Witherbloom Pestilence,World Shaper,Witherbloom Pestilence,World Shaper,Secrets of Strixhaven,Edge of Eternities,manual,0,0,importado de planilha
liga-2x2-presencial-s2-e4,,,,Matheus & Beck,Beck & Matheus,beck & matheus,Matheus,Beck,Domínio das Fadinas,Içar Velas,https://moxfield.com/decks/ErDyBjAnKE6l5TqX6wMxdg,https://moxfield.com/decks/2wB6WsbRwU-ZdNlWHu6VKg,Domínio das Fadinas,Içar Velas,Fae Dominion,Ahoy Mateys,Wilds of Eldraine,The Lost Caverns of Ixalan,manual,0,0,importado de planilha
liga-2x2-presencial-s2-e4,,,,Melk & Sonia,Melk & Sônia,melk & sonia,Melk,Sônia,Mishra's Burnished Banner,Veloci-E-Rápido,https://moxfield.com/decks/cVYq14CAiU-CwDR0rmdQkw,https://moxfield.com/decks/KcPWaLquLkmIOy3XsFHTqQ,Mishra's Burnished Banner,Veloci-E-Rápido,Mishra's Burnished Banner,Veloci-Ramp-Tor,The Brothers' War,The Lost Caverns of Ixalan,manual,0,0,importado de planilha
liga-2x2-presencial-s2-e4,,,,Metusa & Ruddzt,Metusa & Rudzzt,metusa & rudzzt,Metusa,Rudzzt,Sabedoria Eterna,Fúria Dracônica,https://moxfield.com/decks/mlElAIMD4EazCpFh8osZaw,https://moxfield.com/decks/P1mqDaduQ02OuUWm_8rb4Q,Sabedoria Eterna,Fúria Dracônica,Timeless Wisdom,Draconic Rage,Commander 2020 - Ikoria,Dungeons and Dragons: Adventures in the Forgotten Realms,manual,0,0,importado de planilha
liga-2x2-presencial-s2-e4,,,,Oscar & Vini,Oscar & Vini,oscar & vini,Oscar,Vini,Witherbloom Pestilence,Veloci-E-Rápido,https://moxfield.com/decks/AfG94iTx-UeG0L1wvTfSug,https://moxfield.com/decks/KcPWaLquLkmIOy3XsFHTqQ,Witherbloom Pestilence,Veloci-E-Rápido,Witherbloom Pestilence,Veloci-Ramp-Tor,Secrets of Strixhaven,The Lost Caverns of Ixalan,manual,0,0,importado de planilha
liga-2x2-presencial-s2-e5,,,,André & Matheus,André & Matheus,andre & matheus,André,Matheus,Quandrix Unlimited,Geração de Letalidade,https://moxfield.com/decks/ht3IDMDxnU2VOMi7MAhtFg,https://moxfield.com/decks/rnkRQ7yt1EKD4pSVBEQX7w,Quandrix Unlimited,Geração de Letalidade,Quandrix Unlimited,Breed Lethality,Secrets of Strixhaven,Commander 2016,manual,0,0,importado de planilha
liga-2x2-presencial-s2-e5,,,,Murilo & Arthur,Arthur Castanhari & Murilo Oyafuso,arthur castanhari & murilo oyafuso,Murilo Oyafuso,Arthur Castanhari,Silverquill Influence,Turtle Power!,https://moxfield.com/decks/g9rcUGSiR02aO2Ozof0rNA,https://moxfield.com/decks/igKb7qATmkmYaX3M7hB4Sg,Silverquill Influence,Turtle Power!,Silverquill Influence,Turtle Power!,Secrets of Strixhaven,Teenage Mutant Ninja Turtles,manual,0,0,normalizacao manual de nomes
liga-2x2-presencial-s2-e5,,,,Banshee & Ruanito,Banshee & Ruanito,banshee & ruanito,Banshee,Ruanito,Prismari Artistry,Turtle Power!,https://moxfield.com/decks/Fh99bHrQZ0KLu34C2JXu5w,https://moxfield.com/decks/igKb7qATmkmYaX3M7hB4Sg,Prismari Artistry,Turtle Power!,Prismari Artistry,Turtle Power!,Secrets of Strixhaven,Teenage Mutant Ninja Turtles,manual,0,0,importado de planilha
liga-2x2-presencial-s2-e5,,,,Beck & Gus,Beck & Gus,beck & gus,Beck,Gus,Mortos-Vivos Desenfreados,Içar Velas,https://moxfield.com/decks/3kHIg4HG_U29DRdIPiF7ww,https://moxfield.com/decks/2wB6WsbRwU-ZdNlWHu6VKg,Mortos-Vivos Desenfreados,Içar Velas,Undeade Unleashed,Ahoy Mateys,Innistrad: Midnight Hunt,The Lost Caverns of Ixalan,manual,0,0,importado de planilha
liga-2x2-presencial-s2-e5,,,,Zangalli & Clausius,Clausius & Zangalli,clausius & zangalli,Zangalli,Clausius,Exploradores das Profundezas,Prismari Artistry,https://moxfield.com/decks/SvrXYfEIn0q5EprNPf0mqQ,https://moxfield.com/decks/Fh99bHrQZ0KLu34C2JXu5w,Exploradores das Profundezas,Prismari Artistry,Explorers of the Deep,Prismari Artistry,The Lost Caverns of Ixalan,Secrets of Strixhaven,manual,0,0,importado de planilha
liga-2x2-presencial-s2-e5,,,,Jorel & Martin,Jorel & Martin,jorel & martin,Jorel,Martin,Quandrix Unlimited,Lorehold Spirit,https://moxfield.com/decks/ht3IDMDxnU2VOMi7MAhtFg,https://moxfield.com/decks/u6bBAgiZn0aXxjms4_-J9A,Quandrix Unlimited,Lorehold Spirit,Quandrix Unlimited,Lorehold Spirit,Secrets of Strixhaven,Secrets of Strixhaven,manual,0,0,importado de planilha
liga-2x2-presencial-s2-e5,,,,Melk & Sonia,Melk & Sônia,melk & sonia,Melk,Sônia,Scions & Spellcraft,Veloci-E-Rápido,https://moxfield.com/decks/r_IFt9Gc3UqaULfoAEjVvg,https://moxfield.com/decks/KcPWaLquLkmIOy3XsFHTqQ,Scions & Spellcraft,Veloci-E-Rápido,Scions & Spellcraft,Veloci-Ramp-Tor,Final Fantasy,The Lost Caverns of Ixalan,manual,0,0,importado de planilha
liga-2x2-presencial-s2-e5,,,,Metusa & Ruddzt,Metusa & Rudzzt,metusa & rudzzt,Metusa,Rudzzt,Sabedoria Eterna,Counter Blitz,https://moxfield.com/decks/mlElAIMD4EazCpFh8osZaw,https://moxfield.com/decks/sDazpxFOb0S9IAdQSA_7lg,Sabedoria Eterna,Counter Blitz,Timeless Wisdom,Counter Blitz,Commander 2020 - Ikoria,Final Fantasy,manual,0,0,importado de planilha
liga-2x2-presencial-s2-e5,,,,Rogério & Nathan,Nathan & Rogério,nathan & rogerio,Rogério,Nathan,Içar Velas,Lorehold Spirit,https://moxfield.com/decks/2wB6WsbRwU-ZdNlWHu6VKg,https://moxfield.com/decks/u6bBAgiZn0aXxjms4_-J9A,Içar Velas,Lorehold Spirit,Ahoy Mateys,Lorehold Spirit,The Lost Caverns of Ixalan,Secrets of Strixhaven,manual,0,0,importado de planilha
liga-2x2-presencial-s2-e6,,,,Andre & Matheus,André & Matheus,andre & matheus,André,Matheus,Urza's Iron Alliance,Ataque Surpresa,https://moxfield.com/decks/DZiH6rz0tEq2SnaqbKt1CQ,https://moxfield.com/decks/RzsmVOnyREuqPhNrhrA-ow,Urza's Iron Alliance,Ataque Surpresa,Urza's Iron Alliance,Sneak Attack,The Brothers' War,Zendikar Rising,manual,0,0,importado de planilha
liga-2x2-presencial-s2-e6,,,,Arthur & Oyafuso,Arthur Castanhari & Murilo Oyafuso,arthur castanhari & murilo oyafuso,Arthur Castanhari,Murilo Oyafuso,Counter Blitz,Silverquill Influence,https://moxfield.com/decks/sDazpxFOb0S9IAdQSA_7lg,https://moxfield.com/decks/g9rcUGSiR02aO2Ozof0rNA,Counter Blitz,Silverquill Influence,Counter Blitz,Silverquill Influence,Final Fantasy,Secrets of Strixhaven,manual,0,0,normalizacao manual de nomes
liga-2x2-presencial-s2-e6,,,,Arthur & Oyafuso / Counter blitz & Silverquill influence,Arthur Castanhari & Murilo Oyafuso,arthur castanhari & murilo oyafuso,Arthur Castanhari,Murilo Oyafuso,Counter Blitz,Silverquill Influence,https://moxfield.com/decks/sDazpxFOb0S9IAdQSA_7lg,https://moxfield.com/decks/g9rcUGSiR02aO2Ozof0rNA,Counter Blitz,Silverquill Influence,Counter Blitz,Silverquill Influence,Final Fantasy,Secrets of Strixhaven,manual,0,0,normalizacao manual de nomes
liga-2x2-presencial-s2-e6,,,,Martin & Banshee,Banshee & Martin,banshee & martin,Martin,Banshee,Lorehold Spirit,Turtle Power!,https://moxfield.com/decks/u6bBAgiZn0aXxjms4_-J9A,https://moxfield.com/decks/igKb7qATmkmYaX3M7hB4Sg,Lorehold Spirit,Turtle Power!,Lorehold Spirit,Turtle Power!,Secrets of Strixhaven,Teenage Mutant Ninja Turtles,manual,0,0,importado de planilha
liga-2x2-presencial-s2-e6,,,,Berka & Du,Berka & Du,berka & du,Berka,Du,Endless Punishment,Silverquill Influence,https://moxfield.com/decks/eg5J71BzAU-yctY6lRn12Q,https://moxfield.com/decks/g9rcUGSiR02aO2Ozof0rNA,Endless Punishment,Silverquill Influence,Endless Punishment,Silverquill Influence,Duskmourn: House of Horror,Secrets of Strixhaven,manual,0,0,importado de planilha
liga-2x2-presencial-s2-e6,,,,Nathan & Coelho,Coelho & Nathan,coelho & nathan,Nathan,Coelho,Içar Velas,Scions & Spellcraft,https://moxfield.com/decks/2wB6WsbRwU-ZdNlWHu6VKg,https://moxfield.com/decks/r_IFt9Gc3UqaULfoAEjVvg,Içar Velas,Scions & Spellcraft,Ahoy Mateys,Scions & Spellcraft,The Lost Caverns of Ixalan,Final Fantasy,manual,0,0,importado de planilha
liga-2x2-presencial-s2-e6,,,,Gustavo Dias & Luciano,Gustavo Dias & Luciano,gustavo dias & luciano,Gustavo Dias,Luciano,Quandrix Unlimited,Prismari Artistry,https://moxfield.com/decks/ht3IDMDxnU2VOMi7MAhtFg,https://moxfield.com/decks/Fh99bHrQZ0KLu34C2JXu5w,Quandrix Unlimited,Prismari Artistry,Quandrix Unlimited,Prismari Artistry,Secrets of Strixhaven,Secrets of Strixhaven,manual,0,0,importado de planilha
liga-2x2-presencial-s2-e6,,,,Melk & Sônia,Melk & Sônia,melk & sonia,Melk,Sônia,Tricky Terrain,Veloci-E-Rápido,https://moxfield.com/decks/oZAUJUI4OESC2r8Yz9hhRw,https://moxfield.com/decks/KcPWaLquLkmIOy3XsFHTqQ,Tricky Terrain,Veloci-E-Rápido,Tricky Terrain,Veloci-Ramp-Tor,Modern Horizons 3,The Lost Caverns of Ixalan,manual,0,0,importado de planilha
liga-2x2-presencial-s2-e6,,,,Metusa & Rudzzt,Metusa & Rudzzt,metusa & rudzzt,Metusa,Rudzzt,Sabedoria Eterna,Conselho Élfico,https://moxfield.com/decks/mlElAIMD4EazCpFh8osZaw,https://moxfield.com/decks/oP3tmn8muEKNYSWn3KHhDw,Sabedoria Eterna,Conselho Élfico,Timeless Wisdom,Elven Council,Commander 2020 - Ikoria,The Lord Of The Rings: Tales Of Middle-Earth,manual,0,0,importado de planilha
liga-2x2-presencial-s2-e7,,,,Matheus & André,André & Matheus,andre & matheus,Matheus,André,Domínio das Fadinas,Urza's Iron Alliance,https://moxfield.com/decks/ErDyBjAnKE6l5TqX6wMxdg,https://moxfield.com/decks/DZiH6rz0tEq2SnaqbKt1CQ,Domínio das Fadinas,Urza's Iron Alliance,Fae Dominion,Urza's Iron Alliance,Wilds of Eldraine,The Brothers' War,manual,0,0,importado de planilha
liga-2x2-presencial-s2-e7,,,,Castanhari & Oyafuso,Arthur Castanhari & Murilo Oyafuso,arthur castanhari & murilo oyafuso,Arthur Castanhari,Murilo Oyafuso,Lorehold Spirit,World Shaper,https://moxfield.com/decks/u6bBAgiZn0aXxjms4_-J9A,https://moxfield.com/decks/n04yWsMGvUCmMQ8ImxJ_0A,Lorehold Spirit,World Shaper,Lorehold Spirit,World Shaper,Secrets of Strixhaven,Edge of Eternities,manual,0,0,importado de planilha
liga-2x2-presencial-s2-e7,,,,Zangalli & Banshee,Banshee & Zangalli,banshee & zangalli,Zangalli,Banshee,Veloci-E-Rápido,Silverquill Influence,https://moxfield.com/decks/KcPWaLquLkmIOy3XsFHTqQ,https://moxfield.com/decks/g9rcUGSiR02aO2Ozof0rNA,Veloci-E-Rápido,Silverquill Influence,Veloci-Ramp-Tor,Silverquill Influence,The Lost Caverns of Ixalan,Secrets of Strixhaven,manual,0,0,importado de planilha
liga-2x2-presencial-s2-e7,,,,Beck & Ricardo,Beck & Ricardo,beck & ricardo,Beck,Ricardo,Içar Velas,Counter Blitz,https://moxfield.com/decks/2wB6WsbRwU-ZdNlWHu6VKg,https://moxfield.com/decks/sDazpxFOb0S9IAdQSA_7lg,Içar Velas,Counter Blitz,Ahoy Mateys,Counter Blitz,The Lost Caverns of Ixalan,Final Fantasy,manual,0,0,importado de planilha
liga-2x2-presencial-s2-e7,,,,João & Hermann,Hermann & João,hermann & joao,João,Hermann,,,,,,,,,,,manual,0,1,importado de planilha
liga-2x2-presencial-s2-e7,,,,Jorel & Martin,Jorel & Martin,jorel & martin,Jorel,Martin,Revival Trance,Lorehold Spirit,https://moxfield.com/decks/pAPGhXsBz0OcmaT0sMK1_g,https://moxfield.com/decks/u6bBAgiZn0aXxjms4_-J9A,Revival Trance,Lorehold Spirit,Revival Trance,Lorehold Spirit,Final Fantasy,Secrets of Strixhaven,manual,0,0,importado de planilha
liga-2x2-presencial-s2-e7,,,,Theo & Leonardo,Leonardo & Theo,leonardo & theo,Theo,Leonardo,Virtude e Valor,Lorehold Spirit,https://moxfield.com/decks/Oo_99oH5K0ifS25Wzu5qLw,https://moxfield.com/decks/u6bBAgiZn0aXxjms4_-J9A,Virtude e Valor,Lorehold Spirit,Virtue and Valor,Lorehold Spirit,Wilds of Eldraine,Secrets of Strixhaven,manual,0,0,importado de planilha
liga-2x2-presencial-s2-e7,,,,Nathalia & Lily,Lily & Nathalia,lily & nathalia,Nathalia,Lily,Revival Trance,Sultai Arisen,https://moxfield.com/decks/pAPGhXsBz0OcmaT0sMK1_g,https://moxfield.com/decks/puUUlzKNckGa-UnaRQSbxw,Revival Trance,Sultai Arisen,Revival Trance,Sultai Arisen,Final Fantasy,Tarkir Dragonstorm,manual,0,0,importado de planilha
liga-2x2-presencial-s2-e7,,,,Lucas & Luiz Rodrigues,Lucas & Luiz Rodrigues,lucas & luiz rodrigues,Lucas,Luiz Rodrigues,World Shaper,Creative Energy,https://moxfield.com/decks/n04yWsMGvUCmMQ8ImxJ_0A,https://moxfield.com/decks/V896XG46-kuKTCBXImt5Cg,World Shaper,Creative Energy,World Shaper,Creative Energy,Edge of Eternities,Modern Horizons 3,manual,0,0,importado de planilha
liga-2x2-presencial-s2-e7,,,,Pietro & Luiz Henrique,Luiz Henrique & Pietro,luiz henrique & pietro,Pietro,Luiz Henrique,Cavaleiros de Rohan,Temur Roar,https://moxfield.com/decks/hi-cA6GBykKPYJ9xW0g_KQ,https://moxfield.com/decks/sao-2xrGqUCIfv46edPgmw,Cavaleiros de Rohan,Temur Roar,Riders of Rohan,Temur Roar,The Lord Of The Rings: Tales Of Middle-Earth,Tarkir Dragonstorm,manual,0,0,importado de planilha
liga-2x2-presencial-s2-e7,,,,Melk & Sonia,Melk & Sônia,melk & sonia,Melk,Sônia,Counter Inteligence,Counter Blitz,https://moxfield.com/decks/3_8jtm_lzESK6BdFtnM3iA,https://moxfield.com/decks/sDazpxFOb0S9IAdQSA_7lg,Counter Inteligence,Counter Blitz,Counter Inteligence,Counter Blitz,Edge of Eternities,Final Fantasy,manual,0,0,importado de planilha
liga-2x2-presencial-s2-e7,,,,Metusa & Rudzzt,Metusa & Rudzzt,metusa & rudzzt,Metusa,Rudzzt,Sabedoria Eterna,Maelstrom Arcano,https://moxfield.com/decks/mlElAIMD4EazCpFh8osZaw,https://moxfield.com/decks/9dBPnvVgpE6CUYp-3EHlAw,Sabedoria Eterna,Maelstrom Arcano,Timeless Wisdom,Arcane Maelstrom,Commander 2020 - Ikoria,Commander 2020 - Ikoria,manual,0,0,importado de planilha
liga-2x2-presencial-s2-e7,,,,Nathan & Rogério,Nathan & Rogério,nathan & rogerio,Nathan,Rogério,Turtle Power!,Counter Blitz,https://moxfield.com/decks/igKb7qATmkmYaX3M7hB4Sg,https://moxfield.com/decks/sDazpxFOb0S9IAdQSA_7lg,Turtle Power!,Counter Blitz,Turtle Power!,Counter Blitz,Teenage Mutant Ninja Turtles,Final Fantasy,manual,0,0,importado de planilha
liga-2x2-presencial-s2-e8,,,,André & Zangalli,André & Zangalli,andre & zangalli,André,Zangalli,Quandrix Unlimited,Virtude e Valor,https://moxfield.com/decks/ht3IDMDxnU2VOMi7MAhtFg,https://moxfield.com/decks/Oo_99oH5K0ifS25Wzu5qLw,Quandrix Unlimited,Virtude e Valor,Quandrix Unlimited,Virtue and Valor,Secrets of Strixhaven,Wilds of Eldraine,manual,0,0,importado de planilha
liga-2x2-presencial-s2-e8,,,,Castanhari & Oyafuso,Arthur Castanhari & Murilo Oyafuso,arthur castanhari & murilo oyafuso,Arthur Castanhari,Murilo Oyafuso,Virtude e Valor,Silverquill Influence,https://moxfield.com/decks/Oo_99oH5K0ifS25Wzu5qLw,https://moxfield.com/decks/g9rcUGSiR02aO2Ozof0rNA,Virtude e Valor,Silverquill Influence,Virtue and Valor,Silverquill Influence,Wilds of Eldraine,Secrets of Strixhaven,manual,0,0,importado de planilha
liga-2x2-presencial-s2-e8,,,,Rogério & Beck,Beck & Rogério,beck & rogerio,Rogério,Beck,Turtle Power!,Içar Velas,https://moxfield.com/decks/igKb7qATmkmYaX3M7hB4Sg,https://moxfield.com/decks/2wB6WsbRwU-ZdNlWHu6VKg,Turtle Power!,Içar Velas,Turtle Power!,Ahoy Mateys,Teenage Mutant Ninja Turtles,The Lost Caverns of Ixalan,manual,0,0,importado de planilha
liga-2x2-presencial-s2-e8,,,,Kit & Gustavo,Carlos Kit & Gustavo Dias,carlos kit & gustavo dias,Carlos Kit,Gustavo Dias,Angels: They're Just Like Us but Cooler and With Wings,Temur Roar,https://moxfield.com/decks/Q3Wn5qhG0UWFaGIYEpmRjQ,https://moxfield.com/decks/sao-2xrGqUCIfv46edPgmw,Angels: They're Just Like Us but Cooler and With Wings,Temur Roar,Angels: They're Just Like Us but Cooler and With Wings,Temur Roar,Secret Lair Commander Deck,Tarkir Dragonstorm,manual,0,0,normalizacao manual de nomes
liga-2x2-presencial-s2-e8,,,,Johann & Matheus,Johann & Matheus,johann & matheus,Johann,Matheus,Dinastias Necron,Ameaça Mutante,https://moxfield.com/decks/zKKMeZv9mkGJtotwFAmqIg,https://moxfield.com/decks/948Bdak9Pki93eeh-lUUVA,Dinastias Necron,Ameaça Mutante,Necron Dynasties,Mutant Menace,Warhammer 40.000,Fallout,manual,0,0,importado de planilha
liga-2x2-presencial-s2-e8,,,,Jorel & Martin,Jorel & Martin,jorel & martin,Jorel,Martin,Turtle Power!,Lorehold Spirit,https://moxfield.com/decks/igKb7qATmkmYaX3M7hB4Sg,https://moxfield.com/decks/u6bBAgiZn0aXxjms4_-J9A,Turtle Power!,Lorehold Spirit,Turtle Power!,Lorehold Spirit,Teenage Mutant Ninja Turtles,Secrets of Strixhaven,manual,0,0,importado de planilha
liga-2x2-presencial-s2-e8,,,,Melk & Sonia,Melk & Sônia,melk & sonia,Melk,Sônia,Counter Inteligence,Counter Blitz,https://moxfield.com/decks/3_8jtm_lzESK6BdFtnM3iA,https://moxfield.com/decks/sDazpxFOb0S9IAdQSA_7lg,Counter Inteligence,Counter Blitz,Counter Inteligence,Counter Blitz,Edge of Eternities,Final Fantasy,manual,0,0,importado de planilha
liga-2x2-presencial-s2-e8,,,,Metusa & Rudzzt,Metusa & Rudzzt,metusa & rudzzt,Metusa,Rudzzt,Revenant Recon,Jump Scare!,https://moxfield.com/decks/gjSSgKyWEEWxZ-6n1azr3w,https://moxfield.com/decks/XzGgdXc-TE-qFr4lzmGl6Q,Revenant Recon,Jump Scare!,Revenant Recon,Jump Scare!,Murders at Karlov Manor,Duskmourn: House of Horror,manual,0,0,importado de planilha
liga-2x2-presencial-s2-e9,,,,Zangalli & André,André & Zangalli,andre & zangalli,Zangalli,André,Endless Punishment,Quandrix Unlimited,https://moxfield.com/decks/eg5J71BzAU-yctY6lRn12Q,https://moxfield.com/decks/ht3IDMDxnU2VOMi7MAhtFg,Endless Punishment,Quandrix Unlimited,Endless Punishment,Quandrix Unlimited,Duskmourn: House of Horror,Secrets of Strixhaven,manual,0,0,importado de planilha
liga-2x2-presencial-s2-e9,,,,Castanhari & Oyafuso,Arthur Castanhari & Murilo Oyafuso,arthur castanhari & murilo oyafuso,Arthur Castanhari,Murilo Oyafuso,Conflito Aberto,Silverquill Influence,https://moxfield.com/decks/x4ZHwrqgN0qOauhiAGD7xw,https://moxfield.com/decks/g9rcUGSiR02aO2Ozof0rNA,Conflito Aberto,Silverquill Influence,Open Hostility,Silverquill Influence,Commander 2016,Secrets of Strixhaven,manual,0,0,importado de planilha
liga-2x2-presencial-s2-e9,,,,Jorel & Banshee,Banshee & Jorel,banshee & jorel,Jorel,Banshee,Wakanda Forever,Doom Prevails,https://moxfield.com/decks/sWfwgd1bQUetBcj5gFVaYQ,https://moxfield.com/decks/Jg16IgdT80G3KgLz0vI23g,Wakanda Forever,Doom Prevails,Wakanda Forever,Doom Prevails,Marvel Super Heroes,Marvel Super Heroes,manual,0,0,importado de planilha
liga-2x2-presencial-s2-e9,,,,Everton Grochoski & Gabriel Arents,Everton Grochoski & Gabriel Arents,everton grochoski & gabriel arents,Everton Grochoski,Gabriel Arents,Avengers Assemble,Animated Army,https://moxfield.com/decks/dXgR2kmN2Uyovl7B9qHcPg,https://moxfield.com/decks/IZBQnOST_kWlQtqytb75rg,Avengers Assemble,Animated Army,Avengers Assemble,Animated Army,Marvel Super Heroes,Bloomburrow,manual,0,0,importado de planilha
liga-2x2-presencial-s2-e9,,,,Nobru & Kit,Kit & Nobru,kit & nobru,Nobru,Kit,Wakanda Forever,Raining Cats and Dogs,https://moxfield.com/decks/sWfwgd1bQUetBcj5gFVaYQ,https://moxfield.com/decks/UvsMz3GGf0yEaGH82X59Bw,Wakanda Forever,Raining Cats and Dogs,Wakanda Forever,Raining Cats and Dogs,Marvel Super Heroes,Secret Lair Commander Deck,manual,0,0,importado de planilha
liga-2x2-presencial-s2-e9,,,,Luiz & Lucas,Lucas & Luiz,lucas & luiz,Luiz,Lucas,Silverquill Influence,Exploradores das Profundezas,https://moxfield.com/decks/g9rcUGSiR02aO2Ozof0rNA,https://moxfield.com/decks/SvrXYfEIn0q5EprNPf0mqQ,Silverquill Influence,Exploradores das Profundezas,Silverquill Influence,Explorers of the Deep,Secrets of Strixhaven,The Lost Caverns of Ixalan,manual,0,0,importado de planilha
liga-2x2-presencial-s2-e9,,,,Melk & Sônia,Melk & Sônia,melk & sonia,Melk,Sônia,Counter Inteligence,Counter Blitz,https://moxfield.com/decks/3_8jtm_lzESK6BdFtnM3iA,https://moxfield.com/decks/sDazpxFOb0S9IAdQSA_7lg,Counter Inteligence,Counter Blitz,Counter Inteligence,Counter Blitz,Edge of Eternities,Final Fantasy,manual,0,0,importado de planilha
liga-2x2-presencial-s2-e9,,,,Metusa & Rudzzt,Metusa & Rudzzt,metusa & rudzzt,Metusa,Rudzzt,Maelstrom Arcano,Quandrix Quântica,https://moxfield.com/decks/9dBPnvVgpE6CUYp-3EHlAw,https://moxfield.com/decks/PZE0uF5pckKFccZKFvp1mg,Maelstrom Arcano,Quandrix Quântica,Arcane Maelstrom,Quantum Quandrix,Commander 2020 - Ikoria,Commander 2021 - Strixhaven,manual,0,0,importado de planilha
liga-2x2-presencial-s2-e9,,,,Vinicius & Susan,Susan & Vinicius,susan & vinicius,Vinicius,Susan,Wakanda Forever,Avengers Assemble,https://moxfield.com/decks/sWfwgd1bQUetBcj5gFVaYQ,https://moxfield.com/decks/dXgR2kmN2Uyovl7B9qHcPg,Wakanda Forever,Avengers Assemble,Wakanda Forever,Avengers Assemble,Marvel Super Heroes,Marvel Super Heroes,manual,0,0,importado de planilha
