tid,tournament_name,start_date,month,player_name,player_id,standing,points,win_rate,opp_win_rate,decklist,commanders,raw_team,team_name,team_key,player_1,player_2,deck_1,deck_2,deck_url_1,deck_url_2,deck_name_pt_1,deck_name_pt_2,deck_name_en_1,deck_name_en_2,colecao_1,colecao_2,map_status,missing_players,missing_decks,points_official,event_rank,event_points,event_players
liga-2x2-online-s1-e01,Liga 2x2 Online S1-E01,2026-01-29,2026-01,Andressa & Carbeauty,rxCHpUnI6BhF3aqnDJUX,1,7,0.6666666666666666,0.6296296296296297,,,Carbeauty & Andressa,Andressa & Carbeauty,andressa & carbeauty,Carbeauty,Andressa,Blight Curse,Counter Blitz,https://moxfield.com/decks/dDoe4mrTwEWH0sP2H7WH4A,https://moxfield.com/decks/sDazpxFOb0S9IAdQSA_7lg,Blight Curse,Counter Blitz,Blight Curse,Counter Blitz,Lorwyn Eclipsed,Final Fantasy,manual,0,0,7,1.0,3.0,10.0
liga-2x2-online-s1-e01,Liga 2x2 Online S1-E01,2026-01-29,2026-01,Bauer & Marcos Sartori,cK00lRZ181cMm1O6Qll4,2,7,0.6666666666666666,0.5914814814814814,,,Marcos Sartori & Bauer,Bauer & Marcos Sartori,bauer & marcos sartori,Marcos Sartori,Bauer,Counter Blitz,Influência Corruptora,https://moxfield.com/decks/sDazpxFOb0S9IAdQSA_7lg,https://moxfield.com/decks/wRdT-auSDE6XcMJPM0aHDA,Counter Blitz,Influência Corruptora,Counter Blitz,Corrupting Influence,Final Fantasy,Phyrexia: All Will Be One,manual,0,0,7,2.0,2.0,10.0
liga-2x2-online-s1-e01,Liga 2x2 Online S1-E01,2026-01-29,2026-01,Juliano & Mateus,rsVhe5vz4jEHBziw1Y0v,3,6,0.6666666666666666,0.5555555555555556,,,Juliano & Mateus,Juliano & Mateus,juliano & mateus,Juliano,Mateus,Içar Velas,Virtude e Valor,https://moxfield.com/decks/2wB6WsbRwU-ZdNlWHu6VKg,https://moxfield.com/decks/Oo_99oH5K0ifS25Wzu5qLw,Içar Velas,Virtude e Valor,Ahoy Mateys,Virtue and Valor,The Lost Caverns of Ixalan,Wilds of Eldraine,manual,0,0,6,3.0,2.0,10.0
liga-2x2-online-s1-e01,Liga 2x2 Online S1-E01,2026-01-29,2026-01,Samuel & Thiago,j2QCbi8rckQctKFUxHEn,4,6,0.6666666666666666,0.4803703703703704,,,Samuel Maia & Thiago,Samuel & Thiago,samuel & thiago,Samuel,Thiago,,,,,,,,,,,parsed,0,1,6,4.0,2.0,10.0
liga-2x2-online-s1-e01,Liga 2x2 Online S1-E01,2026-01-29,2026-01,Fabio & Luiz,znBL3tiqw1dZD2kq4HXa,5,4,0.3333333333333333,0.5174074074074074,,,Fabio & Luiz,Fabio & Luiz,fabio & luiz,Fabio,Luiz,Counter Blitz,Exploradores das Profundezas,https://moxfield.com/decks/sDazpxFOb0S9IAdQSA_7lg,https://moxfield.com/decks/SvrXYfEIn0q5EprNPf0mqQ,Counter Blitz,Exploradores das Profundezas,Counter Blitz,Explorers of the Deep,Final Fantasy,The Lost Caverns of Ixalan,manual,0,0,4,5.0,1.0,10.0
liga-2x2-online-s1-e01,Liga 2x2 Online S1-E01,2026-01-29,2026-01,Jorel & Martin,XFnj6iHRxlA9M4LynmFv,6,4,0.3333333333333333,0.48037037037037034,,,Martin & Jorel,Jorel & Martin,jorel & martin,Martin,Jorel,Jeskai Striker,Endless Punishment,https://moxfield.com/decks/GqSQ24NIJkq-144dkab-HQ,https://moxfield.com/decks/eg5J71BzAU-yctY6lRn12Q,Jeskai Striker,Endless Punishment,Jeskai Striker,Endless Punishment,Tarkir Dragonstorm,Duskmourn: House of Horror,manual,0,0,4,6.0,1.0,10.0
liga-2x2-online-s1-e01,Liga 2x2 Online S1-E01,2026-01-29,2026-01,Felipe Familiar & Langa,uRPALW9SRbM8DFGEbBeQ,7,4,0.3333333333333333,0.44333333333333336,,,Felipe Familiar & Langa,Felipe Familiar & Langa,felipe familiar & langa,Felipe Familiar,Langa,Blight Curse,Içar Velas,https://moxfield.com/decks/dDoe4mrTwEWH0sP2H7WH4A,https://moxfield.com/decks/2wB6WsbRwU-ZdNlWHu6VKg,Blight Curse,Içar Velas,Blight Curse,Ahoy Mateys,Lorwyn Eclipsed,The Lost Caverns of Ixalan,manual,0,0,4,7.0,1.0,10.0
liga-2x2-online-s1-e01,Liga 2x2 Online S1-E01,2026-01-29,2026-01,Erick & Glauber,X5LrLopnvGARQgwpYJEb,8,3,0.3333333333333333,0.4803703703703704,,,Glauber & Erick,Erick & Glauber,erick & glauber,Glauber,Erick,Levante Entrópico,Dance of the Elements,https://moxfield.com/decks/s4Ex7br4q0iFcwYzq80M7w,https://moxfield.com/decks/Z9GXwZyiKkOfR3O5m1rEkw,Levante Entrópico,Dance of the Elements,Entropic Uprising,Dance of the Elements,Commander 2016,Lorwyn Eclipsed,manual,0,0,3,8.0,1.0,10.0
liga-2x2-online-s1-e01,Liga 2x2 Online S1-E01,2026-01-29,2026-01,Boone & Reva,l0Uc9FBlfz6gAsFTSH9U,9,1,0.0,0.5185185185185185,,,Reva & Boone,Boone & Reva,boone & reva,Reva,Boone,Dance of the Elements,Animated Army,https://moxfield.com/decks/Z9GXwZyiKkOfR3O5m1rEkw,https://moxfield.com/decks/IZBQnOST_kWlQtqytb75rg,Dance of the Elements,Animated Army,Dance of the Elements,Animated Army,Lorwyn Eclipsed,Bloomburrow,manual,0,0,1,9.0,1.0,10.0
liga-2x2-online-s1-e01,Liga 2x2 Online S1-E01,2026-01-29,2026-01,Chueiry & Vicente,1zFIu3Ek4VIawnKRq54V,10,0,0.0,0.5185185185185185,,,Chueiry & Vicente,Chueiry & Vicente,chueiry & vicente,Chueiry,Vicente,Temur Roar,Angels: They're Just Like Us but Cooler and With Wings,https://moxfield.com/decks/sao-2xrGqUCIfv46edPgmw,https://moxfield.com/decks/Q3Wn5qhG0UWFaGIYEpmRjQ,Temur Roar,Angels: They're Just Like Us but Cooler and With Wings,Temur Roar,Angels: They're Just Like Us but Cooler and With Wings,Tarkir Dragonstorm,Secret Lair Commander Deck,manual,0,0,0,10.0,1.0,10.0
liga-2x2-online-s1-e02,Liga 2x2 Online S1-E02,2026-02-05,2026-02,Samuel & Thiago,yarIweAMYjBQ7hkJZqKu,1,9,1.0,0.5925925925925926,,,Samuel Maia & Thiago,Samuel & Thiago,samuel & thiago,Samuel,Thiago,Squirreled Away,Blight Curse,https://moxfield.com/decks/4xEJiagwvEGelJy9ojLtZA,https://moxfield.com/decks/dDoe4mrTwEWH0sP2H7WH4A,Squirreled Away,Blight Curse,Squirreled Away,Blight Curse,Bloomburrow,Lorwyn Eclipsed,manual,0,0,9,1.0,3.0,12.0
liga-2x2-online-s1-e02,Liga 2x2 Online S1-E02,2026-02-05,2026-02,Carlos & Errejota,JuiLXww4SOB3t47nblyU,2,6,0.6666666666666666,0.6666666666666666,,,Carlos & Errejota,Carlos & Errejota,carlos & errejota,Carlos,Errejota,Temur Roar,Dance of the Elements,https://moxfield.com/decks/sao-2xrGqUCIfv46edPgmw,https://moxfield.com/decks/Z9GXwZyiKkOfR3O5m1rEkw,Temur Roar,Dance of the Elements,Temur Roar,Dance of the Elements,Tarkir Dragonstorm,Lorwyn Eclipsed,manual,0,0,6,2.0,2.0,12.0
liga-2x2-online-s1-e02,Liga 2x2 Online S1-E02,2026-02-05,2026-02,Boone & Reva,56VW2ypm1Q60I7pd1VCj,3,6,0.6666666666666666,0.5925925925925926,,,Reva & Boone,Boone & Reva,boone & reva,Reva,Boone,Creative Energy,Timey-Wimey,https://moxfield.com/decks/V896XG46-kuKTCBXImt5Cg,https://moxfield.com/decks/weR7hsL3Vk-I2qTNGqfK2w,Creative Energy,Timey-Wimey,Creative Energy,Timey-Wimey,Modern Horizons 3,Doctor Who,manual,0,0,6,3.0,2.0,12.0
liga-2x2-online-s1-e02,Liga 2x2 Online S1-E02,2026-02-05,2026-02,Jorel & Martin,dnmV75OvXzTux6llAbTM,4,6,0.6666666666666666,0.4444444444444444,,,Jorel & Martin,Jorel & Martin,jorel & martin,Jorel,Martin,Domínio das Fadinas,Jeskai Striker,https://moxfield.com/decks/ErDyBjAnKE6l5TqX6wMxdg,https://moxfield.com/decks/GqSQ24NIJkq-144dkab-HQ,Domínio das Fadinas,Jeskai Striker,Fae Dominion,Jeskai Striker,Wilds of Eldraine,Tarkir Dragonstorm,manual,0,0,6,4.0,2.0,12.0
liga-2x2-online-s1-e02,Liga 2x2 Online S1-E02,2026-02-05,2026-02,Erick & Fabio,MgukdtqpFCWGovSzBs6r,5,6,0.6666666666666666,0.3703703703703703,,,Erick & Fábio,Erick & Fabio,erick & fabio,Erick,Fabio,Counter Blitz,Exploradores das Profundezas,https://moxfield.com/decks/sDazpxFOb0S9IAdQSA_7lg,https://moxfield.com/decks/SvrXYfEIn0q5EprNPf0mqQ,Counter Blitz,Exploradores das Profundezas,Counter Blitz,Explorers of the Deep,Final Fantasy,The Lost Caverns of Ixalan,manual,0,0,6,5.0,1.0,12.0
liga-2x2-online-s1-e02,Liga 2x2 Online S1-E02,2026-02-05,2026-02,Bauer & Langa,NM3O5De3jIdZ7EJI1kC1,6,4,0.3333333333333333,0.7037037037037036,,,Bauer & Langa,Bauer & Langa,bauer & langa,Bauer,Langa,Endless Punishment,Içar Velas,https://moxfield.com/decks/eg5J71BzAU-yctY6lRn12Q,https://moxfield.com/decks/2wB6WsbRwU-ZdNlWHu6VKg,Endless Punishment,Içar Velas,Endless Punishment,Ahoy Mateys,Duskmourn: House of Horror,The Lost Caverns of Ixalan,manual,0,0,4,6.0,1.0,12.0
liga-2x2-online-s1-e02,Liga 2x2 Online S1-E02,2026-02-05,2026-02,Arthur Sartori & Marcos Sartori,nJsdPaC7XnkP5XpdUJVZ,7,4,0.3333333333333333,0.48148148148148145,,,Marcos Sartori & Arthur Sartori,Arthur Sartori & Marcos Sartori,arthur sartori & marcos sartori,Marcos Sartori,Arthur Sartori,Temur Roar,Veloci-E-Rápido,https://moxfield.com/decks/sao-2xrGqUCIfv46edPgmw,https://moxfield.com/decks/KcPWaLquLkmIOy3XsFHTqQ,Temur Roar,Veloci-E-Rápido,Temur Roar,Veloci-Ramp-Tor,Tarkir Dragonstorm,The Lost Caverns of Ixalan,manual,0,0,4,7.0,1.0,12.0
liga-2x2-online-s1-e02,Liga 2x2 Online S1-E02,2026-02-05,2026-02,Juliano & Mateus,yMD2pSANi2g4mpz2pVNw,8,3,0.3333333333333333,0.5555555555555555,,,Juliano & Mateus,Juliano & Mateus,juliano & mateus,Juliano,Mateus,Içar Velas,Virtude e Valor,https://moxfield.com/decks/2wB6WsbRwU-ZdNlWHu6VKg,https://moxfield.com/decks/Oo_99oH5K0ifS25Wzu5qLw,Içar Velas,Virtude e Valor,Ahoy Mateys,Virtue and Valor,The Lost Caverns of Ixalan,Wilds of Eldraine,manual,0,0,3,8.0,1.0,12.0
liga-2x2-online-s1-e02,Liga 2x2 Online S1-E02,2026-02-05,2026-02,Marcelo & Samuel,mtWg56AgZRET20q9isy8,9,3,0.3333333333333333,0.5544444444444444,,,Marcelo & Samuel,Marcelo & Samuel,marcelo & samuel,Marcelo,Samuel,Dance of the Elements,Endless Punishment,https://moxfield.com/decks/Z9GXwZyiKkOfR3O5m1rEkw,https://moxfield.com/decks/eg5J71BzAU-yctY6lRn12Q,Dance of the Elements,Endless Punishment,Dance of the Elements,Endless Punishment,Lorwyn Eclipsed,Duskmourn: House of Horror,manual,0,0,3,9.0,1.0,12.0
liga-2x2-online-s1-e02,Liga 2x2 Online S1-E02,2026-02-05,2026-02,Gustavo Dias & Udo,1FDH3YwLOJqqhoGYjXHh,10,3,0.3333333333333333,0.4803703703703704,,,Gustavo Dias & Udo,Gustavo Dias & Udo,gustavo dias & udo,Gustavo Dias,Udo,Ferocidade Felina,Pedido de Apoio,https://moxfield.com/decks/T9XdORiOPky0VSmV63hoKA,https://moxfield.com/decks/tqa1AHW1_0WhE-TvWKD1Ng,Ferocidade Felina,Pedido de Apoio,Feline Ferocity,Call for Backup,Commander 2017,March of the Machine,manual,0,0,3,10.0,1.0,12.0
liga-2x2-online-s1-e02,Liga 2x2 Online S1-E02,2026-02-05,2026-02,João Marmentini & Vande,d6onUDRz14avzaFVYFE6,11,3,0.3333333333333333,0.4433333333333333,,,Vande & Joao Marmentini,João Marmentini & Vande,joao marmentini & vande,Vande,João Marmentini,Counter Blitz,Virtude e Valor,https://moxfield.com/decks/sDazpxFOb0S9IAdQSA_7lg,https://moxfield.com/decks/Oo_99oH5K0ifS25Wzu5qLw,Counter Blitz,Virtude e Valor,Counter Blitz,Virtue and Valor,Final Fantasy,Wilds of Eldraine,manual,0,0,3,11.0,1.0,12.0
liga-2x2-online-s1-e02,Liga 2x2 Online S1-E02,2026-02-05,2026-02,Chueiry & Vicente,qw4XxzovtDnuqfsMelKQ,12,0,0.0,0.3333333333333333,,,Chueiry & Vicente,Chueiry & Vicente,chueiry & vicente,Chueiry,Vicente,Dance of the Elements,Enxame Fractius,https://moxfield.com/decks/Z9GXwZyiKkOfR3O5m1rEkw,https://moxfield.com/decks/dnY2YPlJtkalYCkLZ9Q0YQ,Dance of the Elements,Enxame Fractius,Dance of the Elements,Sliver Swarm,Lorwyn Eclipsed,Commander Masters,manual,0,0,0,12.0,1.0,12.0
liga-2x2-online-s1-e03,Liga 2x2 Online S1-E03,2026-02-19,2026-02,Bauer & Langa,uZB9erm2UyCSupfYRLmj,1,7,0.6666666666666666,0.5925925925925926,,,Langa & Bauer,Bauer & Langa,bauer & langa,Langa,Bauer,Içar Velas,Temur Roar,https://moxfield.com/decks/2wB6WsbRwU-ZdNlWHu6VKg,https://moxfield.com/decks/sao-2xrGqUCIfv46edPgmw,Içar Velas,Temur Roar,Ahoy Mateys,Temur Roar,The Lost Caverns of Ixalan,Tarkir Dragonstorm,manual,0,0,7,1.0,3.0,8.0
liga-2x2-online-s1-e03,Liga 2x2 Online S1-E03,2026-02-19,2026-02,Jorel & Martin,FIWIeD1Fl6s9v6TwJ89J,2,7,0.6666666666666666,0.5185185185185185,,,Jorel & Martin,Jorel & Martin,jorel & martin,Jorel,Martin,Blight Curse,Counter Blitz,https://moxfield.com/decks/dDoe4mrTwEWH0sP2H7WH4A,https://moxfield.com/decks/sDazpxFOb0S9IAdQSA_7lg,Blight Curse,Counter Blitz,Blight Curse,Counter Blitz,Lorwyn Eclipsed,Final Fantasy,manual,0,0,7,2.0,2.0,8.0
liga-2x2-online-s1-e03,Liga 2x2 Online S1-E03,2026-02-19,2026-02,Carlos & Errejota,Y0QFPQR8yt8RFZGIBNrO,3,6,0.6666666666666666,0.4803703703703704,,,Carlos & Errejota,Carlos & Errejota,carlos & errejota,Carlos,Errejota,Animated Army,Temur Roar,https://moxfield.com/decks/IZBQnOST_kWlQtqytb75rg,https://moxfield.com/decks/sao-2xrGqUCIfv46edPgmw,Animated Army,Temur Roar,Animated Army,Temur Roar,Bloomburrow,Tarkir Dragonstorm,manual,0,0,6,3.0,2.0,8.0
liga-2x2-online-s1-e03,Liga 2x2 Online S1-E03,2026-02-19,2026-02,Arthur Sartori & Marcos Sartori,80VymoaRewwNl83VpMMR,4,4,0.3333333333333333,0.48037037037037034,,,Marcos Sartori & Arthur Sartori,Arthur Sartori & Marcos Sartori,arthur sartori & marcos sartori,Marcos Sartori,Arthur Sartori,Temur Roar,Veloci-E-Rápido,https://moxfield.com/decks/sao-2xrGqUCIfv46edPgmw,https://moxfield.com/decks/KcPWaLquLkmIOy3XsFHTqQ,Temur Roar,Veloci-E-Rápido,Temur Roar,Veloci-Ramp-Tor,Tarkir Dragonstorm,The Lost Caverns of Ixalan,manual,0,0,4,4.0,2.0,8.0
liga-2x2-online-s1-e03,Liga 2x2 Online S1-E03,2026-02-19,2026-02,Borini & Vicente,rpX9JwLJcdS7FSZIxLqm,5,3,0.3333333333333333,0.6285185185185185,,,Vicente & Thiago Borini,Borini & Vicente,borini & vicente,Vicente,Borini,Enxame Fractius,Counter Blitz,https://moxfield.com/decks/dnY2YPlJtkalYCkLZ9Q0YQ,https://moxfield.com/decks/sDazpxFOb0S9IAdQSA_7lg,Enxame Fractius,Counter Blitz,Sliver Swarm,Counter Blitz,Commander Masters,Final Fantasy,manual,0,0,3,5.0,1.0,8.0
liga-2x2-online-s1-e03,Liga 2x2 Online S1-E03,2026-02-19,2026-02,João Marmentini & Vande,FbBDvJXnOZd0uj0Scg6D,6,3,0.3333333333333333,0.48037037037037034,,,Vande & João Marmentini,João Marmentini & Vande,joao marmentini & vande,Vande,João Marmentini,Scions & Spellcraft,Endless Punishment,https://moxfield.com/decks/r_IFt9Gc3UqaULfoAEjVvg,https://moxfield.com/decks/eg5J71BzAU-yctY6lRn12Q,Scions & Spellcraft,Endless Punishment,Scions & Spellcraft,Endless Punishment,Final Fantasy,Duskmourn: House of Horror,manual,0,0,3,6.0,1.0,8.0
liga-2x2-online-s1-e03,Liga 2x2 Online S1-E03,2026-02-19,2026-02,Juliano & Mateus,BKpc4Ksc7zf2dz0fYg53,7,2,0.0,0.36925925925925923,,,Mateus & Juliano,Juliano & Mateus,juliano & mateus,Mateus,Juliano,Içar Velas,Graveyard Overdrive,https://moxfield.com/decks/2wB6WsbRwU-ZdNlWHu6VKg,https://moxfield.com/decks/kQGUOyS7CkKBgvxiu3FHfQ,Içar Velas,Graveyard Overdrive,Ahoy Mateys,Graveyard Overdrive,The Lost Caverns of Ixalan,Modern Horizons 3,manual,0,0,2,7.0,1.0,8.0
liga-2x2-online-s1-e03,Liga 2x2 Online S1-E03,2026-02-19,2026-02,Boone & Reva,u2QTDQGZ71XWsb8sfpfa,8,1,0.0,0.44333333333333336,,,Fernando Boone & Reva,Boone & Reva,boone & reva,Boone,Reva,Creative Energy,Timey-Wimey,https://moxfield.com/decks/V896XG46-kuKTCBXImt5Cg,https://moxfield.com/decks/weR7hsL3Vk-I2qTNGqfK2w,Creative Energy,Timey-Wimey,Creative Energy,Timey-Wimey,Modern Horizons 3,Doctor Who,manual,0,0,1,8.0,1.0,8.0
liga-2x2-online-s1-e04,Liga 2x2 Online S1-E04,2026-03-05,2026-03,Juliano & Mateus,YjQpUGj3Jbs4ReKqy9Qb,1,7,0.6666666666666666,0.4062962962962963,,,Mateus & Juliano,Juliano & Mateus,juliano & mateus,Mateus,Juliano,Turtle Power!,Içar Velas,https://moxfield.com/decks/igKb7qATmkmYaX3M7hB4Sg,https://moxfield.com/decks/2wB6WsbRwU-ZdNlWHu6VKg,Turtle Power!,Içar Velas,Turtle Power!,Ahoy Mateys,Teenage Mutant Ninja Turtles,The Lost Caverns of Ixalan,manual,0,0,7,1.0,3.0,10.0
liga-2x2-online-s1-e04,Liga 2x2 Online S1-E04,2026-03-05,2026-03,Arthur Sartori & Marcos Sartori,aSGgNx3bVJRRL4ROaoIt,2,7,0.6666666666666666,0.3322222222222222,,,Marcos Sartori & Arthur Sartori,Arthur Sartori & Marcos Sartori,arthur sartori & marcos sartori,Marcos Sartori,Arthur Sartori,Festa dos Planeswalker,Scions & Spellcraft,https://moxfield.com/decks/BYtodI0bP02r4z6UCkNkOg,https://moxfield.com/decks/r_IFt9Gc3UqaULfoAEjVvg,Festa dos Planeswalker,Scions & Spellcraft,Planeswalker Party,Scions & Spellcraft,Commander Masters,Final Fantasy,manual,0,0,7,2.0,2.0,10.0
liga-2x2-online-s1-e04,Liga 2x2 Online S1-E04,2026-03-05,2026-03,Bauer & Langa,i9bNzs5ZxRbbzPW41D5C,3,5,0.3333333333333333,0.4792592592592593,,,Bauer & Langa,Bauer & Langa,bauer & langa,Bauer,Langa,Temur Roar,Içar Velas,https://moxfield.com/decks/sao-2xrGqUCIfv46edPgmw,https://moxfield.com/decks/2wB6WsbRwU-ZdNlWHu6VKg,Temur Roar,Içar Velas,Temur Roar,Ahoy Mateys,Tarkir Dragonstorm,The Lost Caverns of Ixalan,manual,0,0,5,3.0,2.0,10.0
liga-2x2-online-s1-e04,Liga 2x2 Online S1-E04,2026-03-05,2026-03,Zangalli & Zangalli pai,neN58DgiQ97KUiOHmYkl,4,4,0.3333333333333333,0.33111111111111113,,,Zangalli & Zangalli pai,Zangalli & Zangalli pai,zangalli & zangalli pai,Zangalli,Zangalli pai,sem deck,sem deck,,,sem deck,sem deck,,,,,manual,0,1,4,4.0,2.0,10.0
liga-2x2-online-s1-e04,Liga 2x2 Online S1-E04,2026-03-05,2026-03,Carlos & Errejota,9zIQOOAW2EPcPk2VVryk,5,3,0.3333333333333333,0.6666666666666666,,,Rafael & Carlos,Carlos & Errejota,carlos & errejota,Errejota,Carlos,Animated Army,Temur Roar,https://moxfield.com/decks/IZBQnOST_kWlQtqytb75rg,https://moxfield.com/decks/sao-2xrGqUCIfv46edPgmw,Animated Army,Temur Roar,Animated Army,Temur Roar,Bloomburrow,Tarkir Dragonstorm,manual,0,0,3,5.0,1.0,10.0
liga-2x2-online-s1-e04,Liga 2x2 Online S1-E04,2026-03-05,2026-03,Andressa & Carlindo,fet3Z2jfw1zCEpDJZr5x,6,3,0.0,0.4803703703703704,,,Andressa & Carlindo,Andressa & Carlindo,andressa & carlindo,Andressa,Carlindo,Dance of the Elements,Festa dos Planeswalker,https://moxfield.com/decks/Z9GXwZyiKkOfR3O5m1rEkw,https://moxfield.com/decks/BYtodI0bP02r4z6UCkNkOg,Dance of the Elements,Festa dos Planeswalker,Dance of the Elements,Planeswalker Party,Lorwyn Eclipsed,Commander Masters,manual,0,0,3,6.0,1.0,10.0
liga-2x2-online-s1-e04,Liga 2x2 Online S1-E04,2026-03-05,2026-03,Jorel & Martin,nkVpGrRRriNgmf242Pbq,7,3,0.0,0.33111111111111113,,,Jorel & Martin,Jorel & Martin,jorel & martin,Jorel,Martin,sem deck,sem deck,,,sem deck,sem deck,,,,,manual,0,1,3,7.0,1.0,10.0
liga-2x2-online-s1-e04,Liga 2x2 Online S1-E04,2026-03-05,2026-03,Chueiry & Vicente,xYYodATAXSDGXAZtvehM,8,2,0.0,0.5185185185185185,,,Chueiry & Vicente,Chueiry & Vicente,chueiry & vicente,Chueiry,Vicente,sem deck,sem deck,,,sem deck,sem deck,,,,,manual,0,1,2,8.0,1.0,10.0
liga-2x2-online-s1-e04,Liga 2x2 Online S1-E04,2026-03-05,2026-03,Glauber & João Marmentini,doHAPl9AbpN1FjVTmCQy,9,2,0.0,0.4074074074074074,,,Glauber & João Marmentini,Glauber & João Marmentini,glauber & joao marmentini,Glauber,João Marmentini,Ameaça sem Rosto,Virtude e Valor,https://moxfield.com/decks/LCH-fa6KIUmzfF-ul72Ucw,https://moxfield.com/decks/Oo_99oH5K0ifS25Wzu5qLw,Ameaça sem Rosto,Virtude e Valor,Faceless Menace,Virtue and Valor,Commander 2019,Wilds of Eldraine,manual,0,0,2,9.0,1.0,10.0
liga-2x2-online-s1-e04,Liga 2x2 Online S1-E04,2026-03-05,2026-03,Boone & Reva,hMoFNUlRETOHeH07r4gz,10,1,0.0,0.5925925925925927,,,Boone & Reva,Boone & Reva,boone & reva,Boone,Reva,Scions & Spellcraft,Eternal Might,https://moxfield.com/decks/r_IFt9Gc3UqaULfoAEjVvg,https://moxfield.com/decks/ULyYbD7SNUS3Z4EM-QnE-A,Scions & Spellcraft,Eternal Might,Scions & Spellcraft,Eternal Might,Final Fantasy,Aetherdrift,manual,0,0,1,10.0,1.0,10.0
liga-2x2-online-s1-e05,Liga 2x2 Online S1-E05,2026-03-19,2026-03,João Marmentini & Vande,VmvY12UO2lglgzpytnKE,1,7,0.6666666666666666,0.5925925925925926,,,Vande e João Marmentini,João Marmentini & Vande,joao marmentini & vande,Vande,João Marmentini,Squirreled Away,Endless Punishment,https://moxfield.com/decks/4xEJiagwvEGelJy9ojLtZA,https://moxfield.com/decks/eg5J71BzAU-yctY6lRn12Q,Squirreled Away,Endless Punishment,Squirreled Away,Endless Punishment,Bloomburrow,Duskmourn: House of Horror,manual,0,0,7,1.0,3.0,8.0
liga-2x2-online-s1-e05,Liga 2x2 Online S1-E05,2026-03-19,2026-03,Boone & Reva,qcC9j5qiSD32CTw0hEfJ,2,7,0.6666666666666666,0.5914814814814814,,,Reva e Boone,Boone & Reva,boone & reva,Reva,Boone,"Ave, Caesar",Festa dos Planeswalker,https://moxfield.com/decks/a6xg5ghnH0C-IB5PPqTZBQ,https://moxfield.com/decks/BYtodI0bP02r4z6UCkNkOg,"Ave, Caesar",Festa dos Planeswalker,"Hail, Caesar",Planeswalker Party,Fallout,Commander Masters,manual,0,0,7,2.0,2.0,8.0
liga-2x2-online-s1-e05,Liga 2x2 Online S1-E05,2026-03-19,2026-03,Bauer & Langa,f9C4YkHrZ6UXpRf43vcE,3,6,0.6666666666666666,0.48148148148148145,,,Bauer & Langa,Bauer & Langa,bauer & langa,Bauer,Langa,Temur Roar,Içar Velas,https://moxfield.com/decks/sao-2xrGqUCIfv46edPgmw,https://moxfield.com/decks/2wB6WsbRwU-ZdNlWHu6VKg,Temur Roar,Içar Velas,Temur Roar,Ahoy Mateys,Tarkir Dragonstorm,The Lost Caverns of Ixalan,manual,0,0,6,3.0,2.0,8.0
liga-2x2-online-s1-e05,Liga 2x2 Online S1-E05,2026-03-19,2026-03,Vina & Zangas,n4XCp7krNu0TCdQjkHFH,4,6,0.6666666666666666,0.48148148148148145,,,Zangas e Vina,Vina & Zangas,vina & zangas,Zangas,Vina,Turtle Power!,Counter Blitz,https://moxfield.com/decks/igKb7qATmkmYaX3M7hB4Sg,https://moxfield.com/decks/sDazpxFOb0S9IAdQSA_7lg,Turtle Power!,Counter Blitz,Turtle Power!,Counter Blitz,Teenage Mutant Ninja Turtles,Final Fantasy,manual,0,0,6,4.0,2.0,8.0
liga-2x2-online-s1-e05,Liga 2x2 Online S1-E05,2026-03-19,2026-03,Juliano & Mateus,doyQeU1oxYSnANeB4Mxj,5,3,0.3333333333333333,0.5925925925925926,,,Mateus e Juliano,Juliano & Mateus,juliano & mateus,Mateus,Juliano,Turtle Power!,Içar Velas,https://moxfield.com/decks/igKb7qATmkmYaX3M7hB4Sg,https://moxfield.com/decks/2wB6WsbRwU-ZdNlWHu6VKg,Turtle Power!,Içar Velas,Turtle Power!,Ahoy Mateys,Teenage Mutant Ninja Turtles,The Lost Caverns of Ixalan,manual,0,0,3,5.0,1.0,8.0
liga-2x2-online-s1-e05,Liga 2x2 Online S1-E05,2026-03-19,2026-03,Dellani & Martin,JX80VnViFcqEb1N8UgJj,6,3,0.3333333333333333,0.5544444444444444,,,Dellani e Martin,Dellani & Martin,dellani & martin,Dellani,Martin,Turtle Power!,Counter Blitz,https://moxfield.com/decks/igKb7qATmkmYaX3M7hB4Sg,https://moxfield.com/decks/sDazpxFOb0S9IAdQSA_7lg,Turtle Power!,Counter Blitz,Turtle Power!,Counter Blitz,Teenage Mutant Ninja Turtles,Final Fantasy,manual,0,0,3,6.0,1.0,8.0
liga-2x2-online-s1-e05,Liga 2x2 Online S1-E05,2026-03-19,2026-03,Carlos & Cássio,oV2owsujqrHI04uTiPbt,7,3,0.3333333333333333,0.44333333333333336,,,Cássio e Carlos,Carlos & Cássio,carlos & cassio,Cássio,Carlos,Animated Army,Festa dos Planeswalker,https://moxfield.com/decks/IZBQnOST_kWlQtqytb75rg,https://moxfield.com/decks/BYtodI0bP02r4z6UCkNkOg,Animated Army,Festa dos Planeswalker,Animated Army,Planeswalker Party,Bloomburrow,Commander Masters,manual,0,0,3,7.0,1.0,8.0
liga-2x2-online-s1-e05,Liga 2x2 Online S1-E05,2026-03-19,2026-03,Andressa & Vicente,SQ6J3BKbcsNCRTpCWML1,8,0,0.0,0.48148148148148145,,,Vicente e Andressa,Andressa & Vicente,andressa & vicente,Vicente,Andressa,Turtle Power!,Counter Blitz,https://moxfield.com/decks/igKb7qATmkmYaX3M7hB4Sg,https://moxfield.com/decks/sDazpxFOb0S9IAdQSA_7lg,Turtle Power!,Counter Blitz,Turtle Power!,Counter Blitz,Teenage Mutant Ninja Turtles,Final Fantasy,manual,0,0,0,8.0,1.0,8.0
liga-2x2-online-s2-e1,Liga 2x2 Online S2-E1,2026-04-02,2026-04,Arthur Sartori & Marcos Sartori,3apYDDvemfpF8HDzcdyC,1,7,0.6666666666666666,0.5555555555555555,,,Marcos Sartori & Arthur Sartori,Arthur Sartori & Marcos Sartori,arthur sartori & marcos sartori,Marcos Sartori,Arthur Sartori,Festa dos Planeswalker,Scions & Spellcraft,https://moxfield.com/decks/BYtodI0bP02r4z6UCkNkOg,https://moxfield.com/decks/r_IFt9Gc3UqaULfoAEjVvg,Festa dos Planeswalker,Scions & Spellcraft,Planeswalker Party,Scions & Spellcraft,Commander Masters,Final Fantasy,manual,0,0,7,1.0,3.0,7.0
liga-2x2-online-s2-e1,Liga 2x2 Online S2-E1,2026-04-02,2026-04,Chueiry & Vicente,bL2vbeVCrVyyV1MmYgjL,2,6,0.5,0.6111111111111112,,,Chueiry & Vicente,Chueiry & Vicente,chueiry & vicente,Chueiry,Vicente,Festa dos Planeswalker,Turtle Power!,https://moxfield.com/decks/BYtodI0bP02r4z6UCkNkOg,https://moxfield.com/decks/igKb7qATmkmYaX3M7hB4Sg,Festa dos Planeswalker,Turtle Power!,Planeswalker Party,Turtle Power!,Commander Masters,Teenage Mutant Ninja Turtles,manual,0,0,6,2.0,2.0,7.0
liga-2x2-online-s2-e1,Liga 2x2 Online S2-E1,2026-04-02,2026-04,Juliano & Mateus,dvyQiXAcsz8GCW8V5Uco,3,6,0.5,0.5555555555555556,,,Mateus & Juliano,Juliano & Mateus,juliano & mateus,Mateus,Juliano,Jeskai Striker,Virtude e Valor,https://moxfield.com/decks/GqSQ24NIJkq-144dkab-HQ,https://moxfield.com/decks/Oo_99oH5K0ifS25Wzu5qLw,Jeskai Striker,Virtude e Valor,Jeskai Striker,Virtue and Valor,Tarkir Dragonstorm,Wilds of Eldraine,manual,0,0,6,3.0,2.0,7.0
liga-2x2-online-s2-e1,Liga 2x2 Online S2-E1,2026-04-02,2026-04,Erick & Rogério Nascimento,LUHa84fUOZfzUeo4rVPI,4,4,0.3333333333333333,0.4444444444444444,,,Erick & ⁨Rogério Nascimento,Erick & Rogério Nascimento,erick & rogerio nascimento,Erick,Rogério Nascimento,Limit Break,World Shaper,https://moxfield.com/decks/pTUR6p0yNkOoxDNqo8TMEw,https://moxfield.com/decks/n04yWsMGvUCmMQ8ImxJ_0A,Limit Break,World Shaper,Limit Break,World Shaper,Final Fantasy,Edge of Eternities,manual,0,0,4,4.0,2.0,7.0
liga-2x2-online-s2-e1,Liga 2x2 Online S2-E1,2026-04-02,2026-04,João Marmentini & Vande,ZoM1O2YPQFYqADGAS7Pk,5,4,0.0,0.3333333333333333,,,Vande & Joao Marmentini,João Marmentini & Vande,joao marmentini & vande,Vande,João Marmentini,Içar Velas,Virtude e Valor,https://moxfield.com/decks/2wB6WsbRwU-ZdNlWHu6VKg,https://moxfield.com/decks/Oo_99oH5K0ifS25Wzu5qLw,Içar Velas,Virtude e Valor,Ahoy Mateys,Virtue and Valor,The Lost Caverns of Ixalan,Wilds of Eldraine,manual,0,0,4,5.0,1.0,7.0
liga-2x2-online-s2-e1,Liga 2x2 Online S2-E1,2026-04-02,2026-04,Jorel & Martin,oVeKrH0NvjEGxCAA3UKI,6,3,0.0,0.5555555555555556,,,Martin & Jorel,Jorel & Martin,jorel & martin,Martin,Jorel,Counter Blitz,Turtle Power!,https://moxfield.com/decks/sDazpxFOb0S9IAdQSA_7lg,https://moxfield.com/decks/igKb7qATmkmYaX3M7hB4Sg,Counter Blitz,Turtle Power!,Counter Blitz,Turtle Power!,Final Fantasy,Teenage Mutant Ninja Turtles,manual,0,0,3,6.0,1.0,7.0
liga-2x2-online-s2-e1,Liga 2x2 Online S2-E1,2026-04-02,2026-04,Boone & Reva,TyPECA8vVCs6dvQfrlzl,7,3,0.3333333333333333,0.5185185185185185,,,Boone & Reva,Boone & Reva,boone & reva,Boone,Reva,Içar Velas,"Ave, Caesar",https://moxfield.com/decks/2wB6WsbRwU-ZdNlWHu6VKg,https://moxfield.com/decks/a6xg5ghnH0C-IB5PPqTZBQ,Içar Velas,"Ave, Caesar",Ahoy Mateys,"Hail, Caesar",The Lost Caverns of Ixalan,Fallout,manual,0,0,3,7.0,1.0,7.0
liga-2x2-online-s2-e2,Liga 2x2 Online S2-E2,2026-04-16,2026-04,Bells & Greowtty,uVQgHlyTUJzaqa3pNYow,1,7,0.6666666666666666,0.5925925925925926,,,Bells & Greowtty,Bells & Greowtty,bells & greowtty,Bells,Greowtty,Virtude e Valor,Masters of Evil,https://moxfield.com/decks/Oo_99oH5K0ifS25Wzu5qLw,https://moxfield.com/decks/9i25pXMDhES76C-1-gBZKA,Virtude e Valor,Masters of Evil,Virtue and Valor,Masters of Evil,Wilds of Eldraine,Doctor Who,manual,0,0,7,1.0,3.0,11.0
liga-2x2-online-s2-e2,Liga 2x2 Online S2-E2,2026-04-16,2026-04,Carlos & Cássio,fDKqnqxvd58h9xxnQj1i,2,7,0.6666666666666666,0.4062962962962963,,,Cássio & Carlos,Carlos & Cássio,carlos & cassio,Cássio,Carlos,Animated Army,Saída do Exílio,https://moxfield.com/decks/IZBQnOST_kWlQtqytb75rg,https://moxfield.com/decks/KxwR1gan906BkACQCgMZHg,Animated Army,Saída do Exílio,Animated Army,Exit from Exile,Bloomburrow,Commander Legends: Battle for Baldur's Gate,manual,0,0,7,2.0,2.0,11.0
liga-2x2-online-s2-e2,Liga 2x2 Online S2-E2,2026-04-16,2026-04,Elder Mancini & Glaicon,VTTYN2ZYZyKap8tRNvsK,3,6,0.5,0.6111111111111112,,,Elder Mancini & Glaicon,Elder Mancini & Glaicon,elder mancini & glaicon,Elder Mancini,Glaicon,Counter Blitz,Enxame Tiranídeo,https://moxfield.com/decks/sDazpxFOb0S9IAdQSA_7lg,https://moxfield.com/decks/QJe_FP2DjUOOXtPk4I446Q,Counter Blitz,Enxame Tiranídeo,Counter Blitz,Tyranid Swarm,Final Fantasy,Warhammer 40.000,manual,0,0,6,3.0,2.0,11.0
liga-2x2-online-s2-e2,Liga 2x2 Online S2-E2,2026-04-16,2026-04,Bauer & Langa,EkZtAKdOhB9PpT1PNxsq,4,6,0.5,0.5555555555555556,,,Bauer & Langa,Bauer & Langa,bauer & langa,Bauer,Langa,Scions & Spellcraft,Içar Velas,https://moxfield.com/decks/r_IFt9Gc3UqaULfoAEjVvg,https://moxfield.com/decks/2wB6WsbRwU-ZdNlWHu6VKg,Scions & Spellcraft,Içar Velas,Scions & Spellcraft,Ahoy Mateys,Final Fantasy,The Lost Caverns of Ixalan,manual,0,0,6,4.0,2.0,11.0
liga-2x2-online-s2-e2,Liga 2x2 Online S2-E2,2026-04-16,2026-04,Jorel & Martin,H7FK6fNs1O1UYHNBS6tD,5,6,0.6666666666666666,0.3703703703703703,,,Martin & Jorel,Jorel & Martin,jorel & martin,Martin,Jorel,Jeskai Striker,Domínio das Fadinas,https://moxfield.com/decks/GqSQ24NIJkq-144dkab-HQ,https://moxfield.com/decks/ErDyBjAnKE6l5TqX6wMxdg,Jeskai Striker,Domínio das Fadinas,Jeskai Striker,Fae Dominion,Tarkir Dragonstorm,Wilds of Eldraine,manual,0,0,6,5.0,1.0,11.0
liga-2x2-online-s2-e2,Liga 2x2 Online S2-E2,2026-04-16,2026-04,Borini & Vicente,07kh34H4VNbdVRCR5YhA,6,4,0.3333333333333333,0.7037037037037037,,,Vicente & Thiago Borini,Borini & Vicente,borini & vicente,Vicente,Borini,Jeskai Striker,Abzan Armor,https://moxfield.com/decks/GqSQ24NIJkq-144dkab-HQ,https://moxfield.com/decks/hdTiRiY5IEyCJFL2BR8cyg,Jeskai Striker,Abzan Armor,Jeskai Striker,Abzan Armor,Tarkir Dragonstorm,Tarkir Dragonstorm,manual,0,0,4,6.0,1.0,11.0
liga-2x2-online-s2-e2,Liga 2x2 Online S2-E2,2026-04-16,2026-04,Arthur Sartori & Marcos Sartori,EHHlAKScWZwxtGssvJKa,7,4,0.3333333333333333,0.5174074074074074,,,Marcos Sartori & Arthur Sartori,Arthur Sartori & Marcos Sartori,arthur sartori & marcos sartori,Marcos Sartori,Arthur Sartori,Festa dos Planeswalker,Scions & Spellcraft,https://moxfield.com/decks/BYtodI0bP02r4z6UCkNkOg,https://moxfield.com/decks/r_IFt9Gc3UqaULfoAEjVvg,Festa dos Planeswalker,Scions & Spellcraft,Planeswalker Party,Scions & Spellcraft,Commander Masters,Final Fantasy,manual,0,0,4,7.0,1.0,11.0
liga-2x2-online-s2-e2,Liga 2x2 Online S2-E2,2026-04-16,2026-04,Rafael Mendes & Rogério Nascimento,hTFaYhrdnAIdUq0dkTaV,8,4,0.3333333333333333,0.5174074074074074,,,Rogério Nascimento & Rafael Mendes,Rafael Mendes & Rogério Nascimento,rafael mendes & rogerio nascimento,Rogério Nascimento,Rafael Mendes,World Shaper,Turtle Power!,https://moxfield.com/decks/n04yWsMGvUCmMQ8ImxJ_0A,https://moxfield.com/decks/igKb7qATmkmYaX3M7hB4Sg,World Shaper,Turtle Power!,World Shaper,Turtle Power!,Edge of Eternities,Teenage Mutant Ninja Turtles,manual,0,0,4,8.0,1.0,11.0
liga-2x2-online-s2-e2,Liga 2x2 Online S2-E2,2026-04-16,2026-04,Gustavo Dias & Reva,uoOIh0uZzl4mzJadSQ2E,9,3,0.3333333333333333,0.5555555555555555,,,Reva & Gustavo Dias,Gustavo Dias & Reva,gustavo dias & reva,Reva,Gustavo Dias,"Ave, Caesar",Temur Roar,https://moxfield.com/decks/a6xg5ghnH0C-IB5PPqTZBQ,https://moxfield.com/decks/sao-2xrGqUCIfv46edPgmw,"Ave, Caesar",Temur Roar,"Hail, Caesar",Temur Roar,Fallout,Tarkir Dragonstorm,manual,0,0,3,9.0,1.0,11.0
liga-2x2-online-s2-e2,Liga 2x2 Online S2-E2,2026-04-16,2026-04,João Marmentini & Vande,vqVSkFLMa14B0Y0okDfV,10,3,0.0,0.5,,,Vande & João Marmentini,João Marmentini & Vande,joao marmentini & vande,Vande,João Marmentini,Endless Punishment,Squirreled Away,https://moxfield.com/decks/eg5J71BzAU-yctY6lRn12Q,https://moxfield.com/decks/4xEJiagwvEGelJy9ojLtZA,Endless Punishment,Squirreled Away,Endless Punishment,Squirreled Away,Duskmourn: House of Horror,Bloomburrow,manual,0,0,3,10.0,1.0,11.0
liga-2x2-online-s2-e2,Liga 2x2 Online S2-E2,2026-04-16,2026-04,Juliano & Mateus,dfvS2rVaI1VaCpusXnKm,11,1,0.0,0.5555555555555556,,,Mateus & Juliano,Juliano & Mateus,juliano & mateus,Mateus,Juliano,Jeskai Striker,Içar Velas,https://moxfield.com/decks/GqSQ24NIJkq-144dkab-HQ,https://moxfield.com/decks/2wB6WsbRwU-ZdNlWHu6VKg,Jeskai Striker,Içar Velas,Jeskai Striker,Ahoy Mateys,Tarkir Dragonstorm,The Lost Caverns of Ixalan,manual,0,0,1,11.0,1.0,11.0
liga-2x2-online-s2-e3,Liga 2x2 Online S2-E3,2026-04-30,2026-04,João Marmentini & Vande,xb9z2XQvgiW3nKuamD0S,1,7,0.6666666666666666,0.4444444444444444,,,Vande & João Marmentini,João Marmentini & Vande,joao marmentini & vande,Vande,João Marmentini,Scions & Spellcraft,Endless Punishment,https://moxfield.com/decks/r_IFt9Gc3UqaULfoAEjVvg,https://moxfield.com/decks/eg5J71BzAU-yctY6lRn12Q,Scions & Spellcraft,Endless Punishment,Scions & Spellcraft,Endless Punishment,Final Fantasy,Duskmourn: House of Horror,manual,0,0,7,1.0,3.0,8.0
liga-2x2-online-s2-e3,Liga 2x2 Online S2-E3,2026-04-30,2026-04,Arthur Sartori & Marcos Sartori,I8V55E6jlMX0duAddSSN,2,7,0.6666666666666666,0.4062962962962963,,,Marcos Sartori & Arthur Sartori,Arthur Sartori & Marcos Sartori,arthur sartori & marcos sartori,Marcos Sartori,Arthur Sartori,Festa dos Planeswalker,Scions & Spellcraft,https://moxfield.com/decks/BYtodI0bP02r4z6UCkNkOg,https://moxfield.com/decks/r_IFt9Gc3UqaULfoAEjVvg,Festa dos Planeswalker,Scions & Spellcraft,Planeswalker Party,Scions & Spellcraft,Commander Masters,Final Fantasy,manual,0,0,7,2.0,2.0,8.0
liga-2x2-online-s2-e3,Liga 2x2 Online S2-E3,2026-04-30,2026-04,Bells & Greowtty,o6NgKSs02T7AmXHkcqm7,3,5,0.3333333333333333,0.6285185185185185,,,Bells & Greowtty,Bells & Greowtty,bells & greowtty,Bells,Greowtty,Temur Roar,Ciência!,https://moxfield.com/decks/sao-2xrGqUCIfv46edPgmw,https://moxfield.com/decks/MGW4G6BLH0aqomnBukdqVg,Temur Roar,Ciência!,Temur Roar,Science!,Tarkir Dragonstorm,Fallout,manual,0,0,5,3.0,2.0,8.0
liga-2x2-online-s2-e3,Liga 2x2 Online S2-E3,2026-04-30,2026-04,Boone & Reva,sggdwX3F55jTw9H31Uqg,4,4,0.3333333333333333,0.4792592592592593,,,Boone & Reva,Boone & Reva,boone & reva,Boone,Reva,Festa dos Planeswalker,"Ave, Caesar",https://moxfield.com/decks/BYtodI0bP02r4z6UCkNkOg,https://moxfield.com/decks/a6xg5ghnH0C-IB5PPqTZBQ,Festa dos Planeswalker,"Ave, Caesar",Planeswalker Party,"Hail, Caesar",Commander Masters,Fallout,manual,0,0,4,4.0,2.0,8.0
liga-2x2-online-s2-e3,Liga 2x2 Online S2-E3,2026-04-30,2026-04,Borini & Vicente,CrT92zmahJfCKDy5zSE3,5,3,0.3333333333333333,0.6285185185185185,,,Borini & Vicente,Borini & Vicente,borini & vicente,Borini,Vicente,Abzan Armor,Prismari Artistry,https://moxfield.com/decks/hdTiRiY5IEyCJFL2BR8cyg,https://moxfield.com/decks/Fh99bHrQZ0KLu34C2JXu5w,Abzan Armor,Prismari Artistry,Abzan Armor,Prismari Artistry,Tarkir Dragonstorm,Secrets of Strixhaven,manual,0,0,3,5.0,1.0,8.0
liga-2x2-online-s2-e3,Liga 2x2 Online S2-E3,2026-04-30,2026-04,Juliano & Mateus,Kod4aRfvWZ22tvoAl2Je,6,2,0.0,0.40518518518518526,,,Mateus & Juliano,Juliano & Mateus,juliano & mateus,Mateus,Juliano,Içar Velas,Jeskai Striker,https://moxfield.com/decks/2wB6WsbRwU-ZdNlWHu6VKg,https://moxfield.com/decks/GqSQ24NIJkq-144dkab-HQ,Içar Velas,Jeskai Striker,Ahoy Mateys,Jeskai Striker,The Lost Caverns of Ixalan,Tarkir Dragonstorm,manual,0,0,2,6.0,1.0,8.0
liga-2x2-online-s2-e3,Liga 2x2 Online S2-E3,2026-04-30,2026-04,Bauer & Gustavo Dias,HQJmew1lN4qczAFCXc48,7,2,0.0,0.36925925925925923,,,Gustavo Dias & Bauer,Bauer & Gustavo Dias,bauer & gustavo dias,Gustavo Dias,Bauer,Squirreled Away,Scions & Spellcraft,https://moxfield.com/decks/4xEJiagwvEGelJy9ojLtZA,https://moxfield.com/decks/r_IFt9Gc3UqaULfoAEjVvg,Squirreled Away,Scions & Spellcraft,Squirreled Away,Scions & Spellcraft,Bloomburrow,Final Fantasy,manual,0,0,2,7.0,1.0,8.0
liga-2x2-online-s2-e3,Liga 2x2 Online S2-E3,2026-04-30,2026-04,Carlos & Cássio,nd8KBDAcrrdYMjzhcK1a,8,1,0.0,0.5174074074074074,,,Cássio & Carlos,Carlos & Cássio,carlos & cassio,Cássio,Carlos,Animated Army,Saída do Exílio,https://moxfield.com/decks/IZBQnOST_kWlQtqytb75rg,https://moxfield.com/decks/KxwR1gan906BkACQCgMZHg,Animated Army,Saída do Exílio,Animated Army,Exit from Exile,Bloomburrow,Commander Legends: Battle for Baldur's Gate,manual,0,0,1,8.0,1.0,8.0
liga-2x2-online-s2-e4,Liga 2x2 Online S2-E4,2026-05-14,2026-05,Carlos & Cássio,4YOAlIOdJs413ZUxzWUE,1,9,1.0,0.4444444444444444,,,Cássio & Carlos,Carlos & Cássio,carlos & cassio,Cássio,Carlos,Animated Army,Squirreled Away,https://moxfield.com/decks/IZBQnOST_kWlQtqytb75rg,https://moxfield.com/decks/4xEJiagwvEGelJy9ojLtZA,Animated Army,Squirreled Away,Animated Army,Squirreled Away,Bloomburrow,Bloomburrow,manual,0,0,9,1.0,3.0,8.0
liga-2x2-online-s2-e4,Liga 2x2 Online S2-E4,2026-05-14,2026-05,Arthur Sartori & Marcos Sartori,5H22KtFrycpvziBSY2PJ,2,6,0.6666666666666666,0.6666666666666666,,,Marcos Sartori & Arthur Sartori,Arthur Sartori & Marcos Sartori,arthur sartori & marcos sartori,Marcos Sartori,Arthur Sartori,Festa dos Planeswalker,Scions & Spellcraft,https://moxfield.com/decks/BYtodI0bP02r4z6UCkNkOg,https://moxfield.com/decks/r_IFt9Gc3UqaULfoAEjVvg,Festa dos Planeswalker,Scions & Spellcraft,Planeswalker Party,Scions & Spellcraft,Commander Masters,Final Fantasy,manual,0,0,6,2.0,2.0,8.0
liga-2x2-online-s2-e4,Liga 2x2 Online S2-E4,2026-05-14,2026-05,Jorel & Martin,sCSBgilzOb8wrd53CkBx,3,6,0.6666666666666666,0.5555555555555555,,,Martin & Jorel,Jorel & Martin,jorel & martin,Martin,Jorel,Lorehold Spirit,Quandrix Unlimited,https://moxfield.com/decks/u6bBAgiZn0aXxjms4_-J9A,https://moxfield.com/decks/ht3IDMDxnU2VOMi7MAhtFg,Lorehold Spirit,Quandrix Unlimited,Lorehold Spirit,Quandrix Unlimited,Secrets of Strixhaven,Secrets of Strixhaven,manual,0,0,6,3.0,2.0,8.0
liga-2x2-online-s2-e4,Liga 2x2 Online S2-E4,2026-05-14,2026-05,Bells & Greowtty,QtDrsWsB43AdMv90nqN8,4,6,0.6666666666666666,0.4433333333333333,,,Bells & Greowty,Bells & Greowtty,bells & greowtty,Bells,Greowtty,Quandrix Unlimited,Maelstrom Arcano,https://moxfield.com/decks/ht3IDMDxnU2VOMi7MAhtFg,https://moxfield.com/decks/9dBPnvVgpE6CUYp-3EHlAw,Quandrix Unlimited,Maelstrom Arcano,Quandrix Unlimited,Arcane Maelstrom,Secrets of Strixhaven,Commander 2020 - Ikoria,manual,0,0,6,4.0,2.0,8.0
liga-2x2-online-s2-e4,Liga 2x2 Online S2-E4,2026-05-14,2026-05,Boone & Reva,id2atwiYn3CKnyYe1dEu,5,3,0.3333333333333333,0.6666666666666666,,,Boone & Reva,Boone & Reva,boone & reva,Boone,Reva,Içar Velas,"Ave, Caesar",https://moxfield.com/decks/2wB6WsbRwU-ZdNlWHu6VKg,https://moxfield.com/decks/a6xg5ghnH0C-IB5PPqTZBQ,Içar Velas,"Ave, Caesar",Ahoy Mateys,"Hail, Caesar",The Lost Caverns of Ixalan,Fallout,manual,0,0,3,5.0,1.0,8.0
liga-2x2-online-s2-e4,Liga 2x2 Online S2-E4,2026-05-14,2026-05,Bauer & Langa,QZ89wxBLstENHnhqxDMC,6,3,0.3333333333333333,0.6655555555555556,,,Bauer & Langa,Bauer & Langa,bauer & langa,Bauer,Langa,Festa dos Planeswalker,Içar Velas,https://moxfield.com/decks/BYtodI0bP02r4z6UCkNkOg,https://moxfield.com/decks/2wB6WsbRwU-ZdNlWHu6VKg,Festa dos Planeswalker,Içar Velas,Planeswalker Party,Ahoy Mateys,Commander Masters,The Lost Caverns of Ixalan,manual,0,0,3,6.0,1.0,8.0
liga-2x2-online-s2-e4,Liga 2x2 Online S2-E4,2026-05-14,2026-05,João Marmentini & Vande,R75rZAqaX2zsbRh9NzVw,7,3,0.3333333333333333,0.44333333333333336,,,Vande & João Marmentini,João Marmentini & Vande,joao marmentini & vande,Vande,João Marmentini,Virtude e Valor,Silverquill Influence,https://moxfield.com/decks/Oo_99oH5K0ifS25Wzu5qLw,https://moxfield.com/decks/g9rcUGSiR02aO2Ozof0rNA,Virtude e Valor,Silverquill Influence,Virtue and Valor,Silverquill Influence,Wilds of Eldraine,Secrets of Strixhaven,manual,0,0,3,7.0,1.0,8.0
liga-2x2-online-s2-e4,Liga 2x2 Online S2-E4,2026-05-14,2026-05,Borini & Vicente,sN3sDxxpkkeocqa9Xkio,8,0,0.0,0.4444444444444444,,,Borini & Vicente,Borini & Vicente,borini & vicente,Borini,Vicente,Lorehold Spirit,Silverquill Influence,https://moxfield.com/decks/u6bBAgiZn0aXxjms4_-J9A,https://moxfield.com/decks/g9rcUGSiR02aO2Ozof0rNA,Lorehold Spirit,Silverquill Influence,Lorehold Spirit,Silverquill Influence,Secrets of Strixhaven,Secrets of Strixhaven,manual,0,0,0,8.0,1.0,8.0
liga-2x2-online-s2-e5,Liga 2x2 Online S2-E5,2026-05-28,2026-05,Arthur Sartori & Marcos Sartori,1atcQv9NkUeLX7C9UOCh,1,9,1.0,0.4803703703703704,,,Marcos Sartori & Arthur Sartori // Planeswalkers party & Scion's and spellcraft,Arthur Sartori & Marcos Sartori,arthur sartori & marcos sartori,Marcos Sartori,Arthur Sartori,Festa dos Planeswalker,Scions & Spellcraft,https://moxfield.com/decks/BYtodI0bP02r4z6UCkNkOg,https://moxfield.com/decks/r_IFt9Gc3UqaULfoAEjVvg,Festa dos Planeswalker,Scions & Spellcraft,Planeswalker Party,Scions & Spellcraft,Commander Masters,Final Fantasy,manual,0,0,9,1.0,3.0,12.0
liga-2x2-online-s2-e5,Liga 2x2 Online S2-E5,2026-05-28,2026-05,João Marmentini & Vande,wjaO6tNYxV9IRWUD9kHW,2,7,0.6666666666666666,0.44333333333333336,,,Vande & João Marmentini // Endless Punishment & Scions and Spellcraft,João Marmentini & Vande,joao marmentini & vande,Vande,João Marmentini,Scions & Spellcraft,Endless Punishment,https://moxfield.com/decks/r_IFt9Gc3UqaULfoAEjVvg,https://moxfield.com/decks/eg5J71BzAU-yctY6lRn12Q,Scions & Spellcraft,Endless Punishment,Scions & Spellcraft,Endless Punishment,Final Fantasy,Duskmourn: House of Horror,manual,0,0,7,2.0,2.0,12.0
liga-2x2-online-s2-e5,Liga 2x2 Online S2-E5,2026-05-28,2026-05,Guilherme & Vicente,fdzD7AE16ILvLTLxVZf1,3,6,0.6666666666666666,0.6666666666666666,,,Vicente & Guilherme // Forces of the Imperium & Dance of the Elements,Guilherme & Vicente,guilherme & vicente,Vicente,Guilherme,Forças do Império,Dance of the Elements,https://moxfield.com/decks/vBgNOCq5CUWU3B4c5m8gXA,https://moxfield.com/decks/Z9GXwZyiKkOfR3O5m1rEkw,Forças do Império,Dance of the Elements,Forces of the Imperium,Dance of the Elements,Warhammer 40.000,Lorwyn Eclipsed,manual,0,0,6,3.0,2.0,12.0
liga-2x2-online-s2-e5,Liga 2x2 Online S2-E5,2026-05-28,2026-05,Crothen & Erick,uTIXx4IHKzf4QEpA9fXy,4,6,0.6666666666666666,0.4803703703703704,,,Erick & Crothen // Endless Punishment & Blight Curse,Crothen & Erick,crothen & erick,Erick,Crothen,Endless Punishment,Blight Curse,https://moxfield.com/decks/eg5J71BzAU-yctY6lRn12Q,https://moxfield.com/decks/dDoe4mrTwEWH0sP2H7WH4A,Endless Punishment,Blight Curse,Endless Punishment,Blight Curse,Duskmourn: House of Horror,Lorwyn Eclipsed,manual,0,0,6,4.0,2.0,12.0
liga-2x2-online-s2-e5,Liga 2x2 Online S2-E5,2026-05-28,2026-05,Bells & Greowtty,au9Ig4YwXBMV8ZeV4tVN,5,6,0.6666666666666666,0.4433333333333333,,,Greowtty & Bells // master of evil & virtue and valor,Bells & Greowtty,bells & greowtty,Greowtty,Bells,Virtude e Valor,Masters of Evil,https://moxfield.com/decks/Oo_99oH5K0ifS25Wzu5qLw,https://moxfield.com/decks/9i25pXMDhES76C-1-gBZKA,Virtude e Valor,Masters of Evil,Virtue and Valor,Masters of Evil,Wilds of Eldraine,Doctor Who,manual,0,0,6,5.0,1.0,12.0
liga-2x2-online-s2-e5,Liga 2x2 Online S2-E5,2026-05-28,2026-05,Carlos & Cássio,0AJe1evsueT2dORXkLlv,6,4,0.3333333333333333,0.5925925925925926,,,Cássio & Carlos// Animated Army e Squirreled Away,Carlos & Cássio,carlos & cassio,Cássio,Carlos,Animated Army,Squirreled Away,https://moxfield.com/decks/IZBQnOST_kWlQtqytb75rg,https://moxfield.com/decks/4xEJiagwvEGelJy9ojLtZA,Animated Army,Squirreled Away,Animated Army,Squirreled Away,Bloomburrow,Bloomburrow,manual,0,0,4,6.0,1.0,12.0
liga-2x2-online-s2-e5,Liga 2x2 Online S2-E5,2026-05-28,2026-05,Jorel & Martin,JziGWoSfHhaqxStE7HDL,7,4,0.3333333333333333,0.36925925925925923,,,Jorel & Martin / Turtle Power & Lorehold Spirit,Jorel & Martin,jorel & martin,Jorel,Martin,Turtle Power!,Lorehold Spirit,https://moxfield.com/decks/igKb7qATmkmYaX3M7hB4Sg,https://moxfield.com/decks/u6bBAgiZn0aXxjms4_-J9A,Turtle Power!,Lorehold Spirit,Turtle Power!,Lorehold Spirit,Teenage Mutant Ninja Turtles,Secrets of Strixhaven,manual,0,0,4,7.0,1.0,12.0
liga-2x2-online-s2-e5,Liga 2x2 Online S2-E5,2026-05-28,2026-05,Daniel & Rodrigo,P22EYCgCIE91BE9JByIG,8,3,0.3333333333333333,0.5555555555555555,,,Rodrigo & Daniel // Riders of Rohan & Creative Energy,Daniel & Rodrigo,daniel & rodrigo,Rodrigo,Daniel,Cavaleiros de Rohan,Creative Energy,https://moxfield.com/decks/hi-cA6GBykKPYJ9xW0g_KQ,https://moxfield.com/decks/V896XG46-kuKTCBXImt5Cg,Cavaleiros de Rohan,Creative Energy,Riders of Rohan,Creative Energy,The Lord Of The Rings: Tales Of Middle-Earth,Modern Horizons 3,manual,0,0,3,8.0,1.0,12.0
liga-2x2-online-s2-e5,Liga 2x2 Online S2-E5,2026-05-28,2026-05,Reva & Samuel,uU0teU1BbSoiiwYl3DGJ,9,3,0.3333333333333333,0.5185185185185185,,,Samuel Maia & Reva// Prismari Artistry & Hail Caesar,Reva & Samuel,reva & samuel,Samuel,Reva,Prismari Artistry,"Ave, Caesar",https://moxfield.com/decks/Fh99bHrQZ0KLu34C2JXu5w,https://moxfield.com/decks/a6xg5ghnH0C-IB5PPqTZBQ,Prismari Artistry,"Ave, Caesar",Prismari Artistry,"Hail, Caesar",Secrets of Strixhaven,Fallout,parsed,0,0,3,9.0,1.0,12.0
liga-2x2-online-s2-e5,Liga 2x2 Online S2-E5,2026-05-28,2026-05,Bauer & Gustavo Dias,qukqq03EOs21DXqcLsNk,10,3,0.3333333333333333,0.4803703703703704,,,Bauer & Gustavo Dias // Corrupting Influence & Quandrix Unlimited //,Bauer & Gustavo Dias,bauer & gustavo dias,Bauer,Gustavo Dias,Influência Corruptora,Quandrix Unlimited,https://moxfield.com/decks/wRdT-auSDE6XcMJPM0aHDA,https://moxfield.com/decks/ht3IDMDxnU2VOMi7MAhtFg,Influência Corruptora,Quandrix Unlimited,Corrupting Influence,Quandrix Unlimited,Phyrexia: All Will Be One,Secrets of Strixhaven,manual,0,0,3,10.0,1.0,12.0
liga-2x2-online-s2-e5,Liga 2x2 Online S2-E5,2026-05-28,2026-05,Felipe & Pinho,wPcnMZiYa5RYwOn0mCKV,11,1,0.0,0.7407407407407408,,,Pinho & Felipe//Tricky Terrain & Counter Blitz,Felipe & Pinho,felipe & pinho,Pinho,Felipe,Tricky Terrain,Counter Blitz,https://moxfield.com/decks/oZAUJUI4OESC2r8Yz9hhRw,https://moxfield.com/decks/sDazpxFOb0S9IAdQSA_7lg,Tricky Terrain,Counter Blitz,Tricky Terrain,Counter Blitz,Modern Horizons 3,Final Fantasy,manual,0,0,1,11.0,1.0,12.0
liga-2x2-online-s2-e5,Liga 2x2 Online S2-E5,2026-05-28,2026-05,Marcelo F. & Renan,I1xd9vCpZvHcswGRpGxc,12,0,0.0,0.5555555555555555,,,Marcelo F. & Renan // Lorehold Spirit & Ahoy Mateys,Marcelo F. & Renan,marcelo f & renan,Marcelo F.,Renan,Lorehold Spirit,Içar Velas,https://moxfield.com/decks/u6bBAgiZn0aXxjms4_-J9A,https://moxfield.com/decks/2wB6WsbRwU-ZdNlWHu6VKg,Lorehold Spirit,Içar Velas,Lorehold Spirit,Ahoy Mateys,Secrets of Strixhaven,The Lost Caverns of Ixalan,manual,0,0,0,12.0,1.0,12.0
